code,level,term_type,japanese,english,needs_review
C00,category,優先用語,口唇（口唇の皮膚Ｃ44.0を除く）,LIP (excludes skin of lip C44.0),
C00.0,specific,優先用語,外側上唇,External upper lip,
C00.0,specific,同義語,上唇の赤唇部,Vermilion border of upper lip,
C00.0,specific,同義語,上唇，ＮＯＳ（上唇の皮膚Ｃ44.0を除く）,"Upper lip, NOS (excludes skin of upper lip C44.0)",
C00.1,specific,優先用語,外側下唇,External lower lip,
C00.1,specific,同義語,下唇の赤唇部,Vermilion border of lower lip,
C00.1,specific,同義語,下唇，ＮＯＳ（下唇の皮膚Ｃ44.0を除く）,"Lower lip, NOS (excludes skin of lower lip C44.0)",
C00.2,specific,優先用語,外側口唇,"External lip, NOS",
C00.2,specific,同義語,口唇の赤唇部，ＮＯＳ,"Vermilion border of lip, NOS",
C00.3,specific,優先用語,上唇粘膜,Mucosa of upper lip,
C00.3,specific,同義語,上唇内側面,Inner aspect of upper lip,
C00.3,specific,同義語,上唇小帯,Frenulum of upper lip,
C00.4,specific,優先用語,下唇粘膜,Mucosa of lower lip,
C00.4,specific,同義語,下唇内側面,Inner aspect of lower lip,
C00.4,specific,同義語,下唇小帯,Frenulum of lower lip,
C00.5,specific,優先用語,口唇粘膜，ＮＯＳ,"Mucosa of lip, NOS",
C00.5,specific,同義語,口唇内側面，ＮＯＳ,"Inner aspect of lip, NOS",
C00.5,specific,同義語,口唇内部，ＮＯＳ,"Internal lip, NOS",
C00.5,specific,同義語,口唇小帯，ＮＯＳ,"Frenulum of lip, NOS Frenulum labii, NOS",
C00.6,specific,優先用語,唇交連,Commissure of lip Labial commissure,
C00.8,specific,優先用語,口唇の境界部病巣,Overlapping lesion of lip,
C00.8,specific,同義語,（73ページの注を参照）,(see note page 45),
C00.9,specific,優先用語,口唇，ＮＯＳ（口唇の皮膚Ｃ44.0を除く）,"Lip, NOS (excludes skin of lip C44.0)",
C01,category,優先用語,舌根部▼１,BASE OF TONGUE▼１,
C01.9,specific,優先用語,舌根部，ＮＯＳ,"Base of tongue, NOS",
C01.9,specific,同義語,舌根部の背面,Dorsal surface of base of tongue,
C01.9,specific,同義語,舌の後３分の１,Posterior third of tongue,
C01.9,specific,同義語,舌後部，ＮＯＳ,"Posterior tongue, NOS",
C01.9,specific,同義語,舌根,Root of tongue,
C02,category,優先用語,その他及び部位不明の舌,OTHER AND UNSPECIFIED PARTS OF TONGUE,
C02.0,specific,優先用語,舌背面，ＮＯＳ,"Dorsal surface of tongue, NOS",
C02.0,specific,同義語,舌の前３分の２，背面,"Anterior 2/3 of tongue, dorsal surface",
C02.0,specific,同義語,舌の正中線,Midline of tongue,
C02.0,specific,同義語,舌前部の背面,Dorsal surface of anterior tongue,
C02.1,specific,優先用語,舌縁,Border of tongue,
C02.1,specific,同義語,舌尖,Tip of tongue,
C02.2,specific,優先用語,舌下面，ＮＯＳ,"Ventral surface of tongue, NOS",
C02.2,specific,同義語,舌の前３分の２，下面,"Anterior 2/3 of tongue, ventral surface",
C02.2,specific,同義語,舌小帯,Frenulum linguae,
C02.2,specific,同義語,舌前部の下面，ＮＯＳ,"Ventral surface of anterior tongue, NOS",
C02.3,specific,優先用語,舌の前３分の２，ＮＯＳ,"Anterior 2/3 of tongue, NOS",
C02.3,specific,同義語,舌前部，ＮＯＳ,"Anterior tongue, NOS",
C02.4,specific,優先用語,舌扁桃,Lingual tonsil,
C02.8,specific,優先用語,舌の境界部病巣,Overlapping lesion of tongue,
C02.8,specific,同義語,（73ページの注を参照）,(see note page 45),
C02.8,specific,同義語,舌の境界域,Junctional zone of tongue,
C02.9,specific,優先用語,舌，ＮＯＳ,"Tongue, NOS Lingual, NOS",
C03,category,優先用語,歯肉,GUM,
C03.0,specific,優先用語,上顎歯肉,Upper gum,
C03.0,specific,同義語,上顎歯ぎん,Maxillary gingiva,
C03.0,specific,同義語,上顎歯槽粘膜,Upper alveolar mucosa,
C03.0,specific,同義語,上顎歯槽堤粘膜,Upper alveolar ridge mucosa,
C03.0,specific,同義語,上顎歯槽,Upper alveolus,
C03.0,specific,同義語,上歯肉,Upper gingiva,
C03.1,specific,優先用語,下顎歯肉,Lower gum,
C03.1,specific,同義語,下顎歯ぎん,Mandibular gingiva,
C03.1,specific,同義語,下顎歯槽粘膜,Lower alveolar mucosa,
C03.1,specific,同義語,下顎歯槽堤粘膜,Lower alveolar ridge mucosa,
C03.1,specific,同義語,下顎歯槽,Lower alveolus,
C03.1,specific,同義語,下歯肉,Lower gingiva,
C03.9,specific,優先用語,歯肉，ＮＯＳ,"Gum, NOS",
C03.9,specific,同義語,歯ぎん，ＮＯＳ,"Gingiva, NOS",
C03.9,specific,同義語,歯槽粘膜，ＮＯＳ,"Alveolar mucosa, NOS",
C03.9,specific,同義語,歯槽堤粘膜，ＮＯＳ,"Alveolar ridge mucosa, NOS",
C03.9,specific,同義語,歯槽，ＮＯＳ,"Alveolus, NOS",
C03.9,specific,同義語,歯周組織,Periodontal tissue Tooth socket,
C04,category,優先用語,口腔底,FLOOR OF MOUTH,
C04.0,specific,優先用語,前部口腔底,Anterior floor of mouth,
C04.1,specific,優先用語,側部口腔底,Lateral floor of mouth,
C04.8,specific,優先用語,口腔底の境界部病巣,Overlapping lesion of floor of mouth,
C04.8,specific,同義語,（73ページの注を参照）,(see note page 45),
C04.9,specific,優先用語,口腔底，ＮＯＳ,"Floor of mouth, NOS",
C05,category,優先用語,口蓋,PALATE,
C05.0,specific,優先用語,硬口蓋,Hard palate,
C05.1,specific,優先用語,軟口蓋，ＮＯＳ（軟口蓋の鼻咽頭表面,"Soft palate, NOS (excludes nasopharyngeal",
C05.1,specific,同義語,Ｃ11.3を除く）,surface of soft palate C11.3),
C05.2,specific,優先用語,口蓋垂,Uvula,
C05.8,specific,優先用語,口蓋の境界部病巣,Overlapping lesion of palate,
C05.8,specific,同義語,（73ページの注を参照）,(see note page 45),
C05.8,specific,同義語,硬口蓋と軟口蓋の境界部,Junction of hard and soft palate,
C05.9,specific,優先用語,口蓋，ＮＯＳ,"Palate, NOS",
C05.9,specific,同義語,口腔上壁,Roof of mouth,
C06,category,優先用語,その他及び部位不明の口腔,OTHER AND UNSPECIFIED PARTS OF MOUTH,
C06.0,specific,優先用語,頬粘膜,Cheek mucosa,
C06.0,specific,同義語,頬部粘膜,Buccal mucosa,
C06.0,specific,同義語,頬内部,Internal cheek,
C06.1,specific,優先用語,口腔前庭,Vestibule of mouth,
C06.1,specific,同義語,歯槽溝,Alveolar sulcus,
C06.1,specific,同義語,頬側溝,Buccal sulcus,
C06.1,specific,同義語,口唇溝,Labial sulcus,
C06.2,specific,優先用語,臼後部,Retromolar area,
C06.2,specific,同義語,臼後三角,Retromolar triangle Retromolar trigone,
C06.8,specific,優先用語,その他及び部位不明の口腔の境界部病巣,Overlapping lesion of other and unspecified parts of mouth,
C06.8,specific,同義語,（73ページの注を参照）,(see note page 45),
C06.9,specific,優先用語,口腔，ＮＯＳ,"Mouth, NOS",
C06.9,specific,同義語,頬粘膜腔,Buccal cavity,
C06.9,specific,同義語,口腔,Oral cavity,
C06.9,specific,同義語,口腔粘膜,Oral mucosa,
C06.9,specific,同義語,小唾液腺，ＮＯＳ,"Minor salivary gland, NOS",
C06.9,specific,同義語,（Ｃ08下の注を参照）,(see note under C08),
C07,category,優先用語,耳下腺,PAROTID GLAND,
C07.9,specific,優先用語,◆ 耳下腺,Parotid gland,
C07.9,specific,同義語,耳下腺，ＮＯＳ,"Parotid, NOS",
C07.9,specific,同義語,ステンセン管,Stensen duct,
C07.9,specific,同義語,耳下腺管,Parotid gland duct,
C08,category,優先用語,その他及び詳細不明の大唾液腺,OTHER AND UNSPECIFIED MAJOR SALIVARY GLANDS,
C08,category,同義語,注：小唾液腺の新生物〈腫瘍〉は解剖学的部位に,Note : Neoplasms of minor salivary glands should be,
C08,category,同義語,従って分類する；部位が明示されていない場合,classified according to their anatomical site; if,
C08,category,同義語,は，C06.9に分類する。,"location is not specified, classify to C06.9.",
C08.0,specific,優先用語,顎下腺,Submandibular gland Submaxillary gland,
C08.0,specific,同義語,ワルトン管,Wharton duct,
C08.0,specific,同義語,顎下腺管,Submaxillary gland duct,
C08.1,specific,優先用語,舌下腺,Sublingual gland,
C08.1,specific,同義語,舌下腺管,Sublingual gland duct,
C08.8,specific,優先用語,大唾液腺の境界部病巣,Overlapping lesion of major salivary glands,
C08.8,specific,同義語,（73ページの注を参照）,(see note page 45),
C08.9,specific,優先用語,大唾液腺，ＮＯＳ,"Major salivary gland, NOS",
C08.9,specific,同義語,唾液腺，ＮＯＳ（小唾液腺，ＮＯＳ C06.9,"Salivary gland, NOS (excludes minor",
C08.9,specific,同義語,を除く；C08下の注を参照）,"salivary gland, NOS C06.9; see note under C08)",
C09,category,優先用語,扁桃▼１,TONSIL,
C09.0,specific,優先用語,扁桃窩,Tonsillar fossa,
C09.1,specific,優先用語,扁桃口蓋弓,Tonsillar pillar,
C09.1,specific,同義語,口峡弓,Faucial pillar,
C09.1,specific,同義語,舌口蓋ひだ,Glossopalatine fold,
C09.8,specific,優先用語,扁桃の境界部病巣,Overlapping lesion of tonsil,
C09.8,specific,同義語,（73ページの注を参照）,(see note page 45),
C09.9,specific,優先用語,扁桃，ＮＯＳ（舌扁桃C02.4及び咽頭扁桃,"Tonsil, NOS (excludes lingual tonsil C02.4",
C09.9,specific,同義語,C11.1を除く）,and pharyngeal tonsil C11.1),
C09.9,specific,同義語,口峡扁桃,Faucial tonsil,
C09.9,specific,同義語,口蓋扁桃,Palatine tonsil,
C10,category,優先用語,中咽頭,OROPHARYNX,
C10.0,specific,優先用語,喉頭蓋谷,Vallecula,
C10.1,specific,優先用語,喉頭蓋の前面,Anterior surface of epiglottis,
C10.2,specific,優先用語,中咽頭側壁,Lateral wall of oropharynx Lateral wall of mesopharynx,
C10.3,specific,優先用語,中咽頭後壁,Posterior wall of oropharynx Posterior wall of mesopharynx,
C10.4,specific,優先用語,鰓裂（新生物〈腫瘍〉の部位▼１）,Branchial cleft (site of neoplasm),
C10.8,specific,優先用語,中咽頭の境界部病巣,Overlapping lesion of oropharynx,
C10.8,specific,同義語,（73ページの注を参照）,(see note page 45),
C10.8,specific,同義語,中咽頭の接合部,Junctional region of oropharynx,
C10.9,specific,優先用語,中咽頭，ＮＯＳ,"Oropharynx, NOS",
C10.9,specific,同義語,口峡，ＮＯＳ,"Mesopharynx, NOS Fauces, NOS",
C11,category,優先用語,鼻咽頭（上咽頭）▼１,NASOPHARYNX,
C11.0,specific,優先用語,鼻咽頭（上咽頭）上壁,Superior wall of nasopharynx Roof of nasopharynx,
C11.1,specific,優先用語,鼻咽頭（上咽頭）後壁,Posterior wall of nasopharynx,
C11.1,specific,同義語,アデノイド,Adenoid,
C11.1,specific,同義語,咽頭扁桃,Pharyngeal tonsil,
C11.2,specific,優先用語,鼻咽頭（上咽頭）側壁,Lateral wall of nasopharynx,
C11.2,specific,同義語,ローゼンミュラー窩,Fossa of Rosenmuller,
C11.3,specific,優先用語,鼻咽頭（上咽頭）前壁,Anterior wall of nasopharynx,
C11.3,specific,同義語,軟口蓋の鼻咽頭（上咽頭）表面,Nasopharyngeal surface of soft palate,
C11.3,specific,同義語,咽頭円蓋,Pharyngeal fornix,
C11.3,specific,同義語,後鼻孔,Choana,
C11.3,specific,同義語,鼻中隔の後縁,Posterior margin of nasal septum,
C11.8,specific,優先用語,鼻咽頭（上咽頭）の境界部病巣,Overlapping lesion of nasopharynx,
C11.8,specific,同義語,（73ページの注を参照）,(see note page 45),
C11.9,specific,優先用語,鼻咽頭（上咽頭），ＮＯＳ,"Nasopharynx, NOS",
C11.9,specific,同義語,鼻咽頭壁,Nasopharyngeal wall,
C12,category,優先用語,梨状陥凹▼１,PYRIFORM SINUS,
C12.9,specific,優先用語,梨状陥凹,Pyriform sinus,
C12.9,specific,同義語,梨状陥凹,Piriform sinus,
C12.9,specific,同義語,梨状窩,Pyriform fossa,
C12.9,specific,同義語,梨状窩,Piriform fossa,
C13,category,優先用語,下咽頭,HYPOPHARYNX,
C13.0,specific,優先用語,後輪状軟骨部,Postcricoid region,
C13.0,specific,同義語,輪状咽頭,Cricopharynx,
C13.0,specific,同義語,輪状軟骨部，ＮＯＳ,"Cricoid, NOS",
C13.1,specific,優先用語,披裂喉頭蓋ひだの下咽頭面,Hypopharyngeal aspect of aryepiglottic fold,
C13.1,specific,同義語,披裂喉頭蓋ひだ，ＮＯＳ（披裂喉頭蓋ひだ,"Aryepiglottic fold, NOS (excludes laryngeal",
C13.1,specific,同義語,の喉頭面C32.1を除く）,aspect of aryepiglottic fold C32.1),
C13.1,specific,同義語,披裂ひだ,Arytenoid fold,
C13.2,specific,優先用語,下咽頭後壁,Posterior wall of hypopharynx,
C13.8,specific,優先用語,下咽頭の境界部病巣,Overlapping lesion of hypopharynx,
C13.8,specific,同義語,（73ページの注を参照）,(see note page 45),
C13.9,specific,優先用語,下咽頭，ＮＯＳ,"Hypopharynx, NOS",
C13.9,specific,同義語,下咽頭壁,Hypopharyngeal wall,
C13.9,specific,同義語,咽頭喉頭部,Laryngopharynx,
C14,category,優先用語,その他及び部位不明確の口,OTHER AND ILL-DEFINED,
C14,category,同義語,唇，口腔及び咽頭,"SITES IN LIP, ORAL CAVITY AND PHARYNX",
C14.0,specific,優先用語,咽頭，ＮＯＳ,"Pharynx, NOS",
C14.0,specific,同義語,咽頭壁，ＮＯＳ,"Pharyngeal wall, NOS Wall of pharynx, NOS",
C14.0,specific,同義語,咽頭側壁，ＮＯＳ,"Lateral wall of pharynx, NOS",
C14.0,specific,同義語,咽頭後壁，ＮＯＳ,"Posterior wall of pharynx, NOS",
C14.0,specific,同義語,咽頭後部,Retropharynx,
C14.0,specific,同義語,咽喉,Throat,
C14.2,specific,優先用語,ワルダイヤー輪,Waldeyer ring,
C14.8,specific,優先用語,口唇，口腔及び咽頭の境界部病巣,"Overlapping lesion of lip, oral cavity and pharynx",
C14.8,specific,同義語,注：口唇，口腔及び咽頭の新生物〈腫瘍〉,"Note : Neoplasms of lip, oral cavity and",
C14.8,specific,同義語,で，その発生部位が C00-C14.2のい,pharynx whose point of origin,
C14.8,specific,同義語,ずれの項目にも分類されないもの,cannot be assigned to any one of the categories C00 to C14.2.,
C15,category,優先用語,食道▼１,ESOPHAGUS,
C15.0,specific,優先用語,頸部食道,Cervical esophagus,
C15.1,specific,優先用語,胸部食道,Thoracic esophagus,
C15.2,specific,優先用語,腹部食道,Abdominal esophagus,
C15.3,specific,優先用語,上部食道,Upper third of esophagus,
C15.3,specific,同義語,食道近位３分の１,Proximal third of esophagus,
C15.4,specific,優先用語,中部食道,Middle third of esophagus,
C15.5,specific,優先用語,下部食道,Lower third of esophagus,
C15.5,specific,同義語,食道遠位３分の１,Distal third of esophagus,
C15.8,specific,優先用語,食道の境界部病巣,Overlapping lesion of esophagus,
C15.8,specific,同義語,（73ページの注を参照）,(see note page 45),
C15.9,specific,優先用語,食道，ＮＯＳ,"Esophagus, NOS",
C16,category,優先用語,胃,STOMACH,
C16.0,specific,優先用語,噴門，ＮＯＳ,"Cardia, NOS",
C16.0,specific,同義語,胃噴門,Gastric cardia,
C16.0,specific,同義語,噴門食道接合部,Cardioesophageal junction,
C16.0,specific,同義語,食道胃接合部▼１,Esophagogastric junction▼１,
C16.0,specific,同義語,胃食道接合部,Gastroesophageal junction,
C16.1,specific,優先用語,胃底部,Fundus of stomach,
C16.1,specific,同義語,胃底,Gastric fundus,
C16.1,specific,同義語,穹隆部▼１,Fornix▼１,
C16.2,specific,優先用語,胃体部,Body of stomach,
C16.2,specific,同義語,胃体,Corpus of stomach Gastric corpus,
C16.3,specific,優先用語,胃前庭部,Gastric antrum,
C16.3,specific,同義語,幽門前庭,Antrum of stomach Pyloric antrum,
C16.4,specific,優先用語,幽門,Pylorus,
C16.4,specific,同義語,幽門管,Pyloric canal,
C16.4,specific,同義語,幽門前部,Prepylorus,
C16.5,specific,優先用語,胃小彎，ＮＯＳ（C16.1-C16.4に分類され,"Lesser curvature of stomach, NOS (not",
C16.5,specific,同義語,ないもの）,classifiable to C16.1 to C16.4),
C16.6,specific,優先用語,胃大彎，ＮＯＳ（C16.0-C16.4に分類され,"Greater curvature of stomach, NOS (not",
C16.6,specific,同義語,ないもの）,classifiable to C16.0 to C16.4),
C16.8,specific,優先用語,胃の境界部病巣,Overlapping lesion of stomach,
C16.8,specific,同義語,胃前壁，ＮＯＳ（C16.0-C16.4に分類され,"Anterior wall of stomach, NOS (not",
C16.8,specific,同義語,ないもの）,classifiable to C16.0 to C16.4),
C16.8,specific,同義語,胃後壁，ＮＯＳ（C16.0-C16.4に分類され,"Posterior wall of stomach, NOS (not",
C16.8,specific,同義語,ないもの）,classifiable to C16.0 to C16.4),
C16.8,specific,同義語,（73ページの注を参照）,(see note page 45),
C16.9,specific,優先用語,胃，ＮＯＳ,"Stomach, NOS Gastric, NOS",
C17,category,優先用語,小腸,SMALL INTESTINE,
C17.0,specific,優先用語,十二指腸,Duodenum,
C17.1,specific,優先用語,空腸,Jejunum,
C17.2,specific,優先用語,回腸（回盲弁C18.0を除く）,Ileum (excludes ileocecal valve C18.0),
C17.3,specific,優先用語,メッケル憩室（新生物〈腫瘍〉の部位）▼１,Meckel diverticulum (site of neoplasm),
C17.8,specific,優先用語,小腸の境界部病巣,Overlapping lesion of small intestine,
C17.8,specific,同義語,（73ページの注を参照）,(see note page 45),
C17.9,specific,優先用語,小腸，ＮＯＳ,"Small intestine, NOS Small bowel, NOS",
C18,category,優先用語,結腸,COLON,
C18.0,specific,優先用語,盲腸,Cecum,
C18.0,specific,同義語,回盲弁,Ileocecal valve,
C18.0,specific,同義語,回盲接合部,Ileocecal junction,
C18.1,specific,優先用語,虫垂,Appendix,
C18.2,specific,優先用語,上行結腸,Ascending colon,
C18.2,specific,同義語,右結腸,Right colon,
C18.3,specific,優先用語,右結腸曲,Hepatic flexure of colon,
C18.4,specific,優先用語,横行結腸,Transverse colon,
C18.5,specific,優先用語,左結腸曲,Splenic flexure of colon,
C18.6,specific,優先用語,下行結腸,Descending colon,
C18.6,specific,同義語,左結腸,Left colon,
C18.7,specific,優先用語,Ｓ状結腸,Sigmoid colon,
C18.7,specific,同義語,Ｓ状結腸，ＮＯＳ,"Sigmoid, NOS",
C18.7,specific,同義語,結腸のＳ状弯曲,Sigmoid flexure of colon,
C18.7,specific,同義語,骨盤部結腸,Pelvic colon,
C18.8,specific,優先用語,結腸の境界部病巣,Overlapping lesion of colon,
C18.8,specific,同義語,（73ページの注を参照）,(see note page 45),
C18.9,specific,優先用語,結腸，ＮＯＳ,"Colon, NOS",
C18.9,specific,同義語,大腸（直腸，ＮＯＳＣ20.9及び直腸Ｓ状結腸移行部Ｃ19.9を除く）,"Large intestine (excludes rectum, NOS C20.9 and rectosigmoid junction C19.9)",
C18.9,specific,同義語,大腸，ＮＯＳ,"Large bowel, NOS",
C19,category,優先用語,直腸Ｓ状結腸移行部,RECTOSIGMOID JUNCTION,
C19,category,同義語,直腸Ｓ状結腸，ＮＯＳ,"Rectosigmoid, NOS",
C19,category,同義語,直腸Ｓ状結腸,Rectosigmoid colon,
C19,category,同義語,結腸及び直腸,Colon and rectum,
C19,category,同義語,骨盤直腸移行部,Pelvirectal junction,
C19.9,specific,優先用語,直腸Ｓ状結腸移行部,Rectosigmoid junction,
C20,category,優先用語,直腸,RECTUM,
C20.9,specific,優先用語,直腸，ＮＯＳ,"Rectum, NOS",
C20.9,specific,同義語,直腸膨大部,Rectal ampulla,
C21,category,優先用語,肛門及び肛門管,ANUS AND ANAL CANAL,
C21.0,specific,優先用語,肛門，ＮＯＳ（肛門皮膚及び肛門周囲皮膚,"Anus, NOS (excludes skin of anus and",
C21.0,specific,同義語,C44.5を除く）,perianal skin C44.5),
C21.1,specific,優先用語,肛門管,Anal canal,
C21.1,specific,同義語,肛門括約筋,Anal sphincter,
C21.2,specific,優先用語,総排泄腔由来部,Cloacogenic zone,
C21.8,specific,優先用語,直腸，肛門及び肛門管の境界部病巣,"Overlapping lesion of rectum, anus and anal canal",
C21.8,specific,同義語,（73ページの注を参照）,(see note page 45),
C21.8,specific,同義語,肛門直腸移行部,Anorectal junction,
C21.8,specific,同義語,肛門直腸,Anorectum,
C22,category,優先用語,肝及び肝内胆管,LIVER AND INTRAHEPATIC BILE DUCTS,
C22.0,specific,優先用語,肝▼１,Liver,
C22.0,specific,同義語,肝，ＮＯＳ,"Hepatic, NOS",
C22.1,specific,優先用語,肝内胆管,Intrahepatic bile duct,
C22.1,specific,同義語,胆小管,Biliary canaliculus,
C22.1,specific,同義語,細胆管,Cholangiole,
C23,category,優先用語,胆のう,GALLBLADDER,
C23.9,specific,優先用語,胆のう,Gallbladder,
C24,category,優先用語,その他及び部位不明の胆道,OTHER AND UNSPECIFIED PARTS OF BILIARY TRACT,
C24.0,specific,優先用語,肝外胆管,Extrahepatic bile duct,
C24.0,specific,同義語,胆管，ＮＯＳ,"Bile duct, NOS Biliary duct, NOS",
C24.0,specific,同義語,総胆管,Choledochal duct Common bile duct Common duct,
C24.0,specific,同義語,胆のう管▼１,Cystic bile duct Cystic duct,
C24.0,specific,同義語,肝管,Hepatic bile duct Hepatic duct,
C24.0,specific,同義語,オディ括約筋,Sphincter of Oddi,
C24.1,specific,優先用語,ファーテル乳頭膨大部,Ampulla of Vater,
C24.1,specific,同義語,膨大部周囲,Periampullary,
C24.8,specific,優先用語,胆道の境界部病巣,Overlapping lesion of biliary tract,
C24.8,specific,同義語,注：肝内胆管・肝外胆管の両方に連続して,Note : Neoplasms involving both,
C24.8,specific,同義語,病巣がある新生物〈腫瘍〉,intrahepatic and extrahepatic bile ducts,
C24.8,specific,同義語,（73ページの注を参照）,(see note page 45),
C24.9,specific,優先用語,胆道，ＮＯＳ,"Biliary tract, NOS",
C25,category,優先用語,膵,PANCREAS,
C25.0,specific,優先用語,膵頭部,Head of pancreas,
C25.0,specific,同義語,鉤状突起▼１,uncinate process,
C25.1,specific,優先用語,膵体部,Body of pancreas,
C25.2,specific,優先用語,膵尾部,Tail of pancreas,
C25.3,specific,優先用語,膵管,Pancreatic duct,
C25.3,specific,同義語,サントリニ管,Duct of Santorini,
C25.3,specific,同義語,ウィルスング管,Duct of Wirsung,
C25.4,specific,優先用語,ランゲルハンス島,Islets of Langerhans,
C25.4,specific,同義語,内分泌膵,Islands of Langerhans Endocrine pancreas,
C25.7,specific,優先用語,膵のその他の明示された部位,Other specified parts of pancreas,
C25.7,specific,同義語,膵頸部▼１,Neck of pancreas,
C25.8,specific,優先用語,膵の境界部病巣,Overlapping lesion of pancreas,
C25.8,specific,同義語,（73ページの注を参照）,(see note page 45),
C25.9,specific,優先用語,膵，ＮＯＳ,"Pancreas, NOS",
C26,category,優先用語,その他及び部位不明確の消化器,OTHER AND ILL-DEFINED DIGESTIVE ORGANS,
C26.0,specific,優先用語,腸管，ＮＯＳ,"Intestinal tract, NOS",
C26.0,specific,同義語,腸，ＮＯＳ,"Bowel, NOS Intestine, NOS",
C26.8,specific,優先用語,消化器系の境界部病巣,Overlapping lesion of digestive system,
C26.8,specific,同義語,注：消化器系の新生物〈腫瘍〉で，その発,Note : Neoplasms of digestive organs,
C26.8,specific,同義語,生部位がC15-C26.0のいずれの項目,whose point of origin cannot be,
C26.8,specific,同義語,にも分類されないもの,assigned to any one of the categories C15 to C26.0.,
C26.8,specific,同義語,（73ページの注を参照）,(see note page 45),
C26.9,specific,優先用語,胃腸管，ＮＯＳ,"Gastrointestinal tract, NOS",
C26.9,specific,同義語,消化管，ＮＯＳ,"Alimentary tract, NOS",
C26.9,specific,同義語,消化器，ＮＯＳ,"Digestive organs, NOS",
C30,category,優先用語,呼吸器系及び胸腔内臓器,-39 C30-C39 RESPIRATORY SYSTEM AND INTRATHORACIC ORGANS,
C30,category,同義語,鼻腔及び中耳,NASAL CAVITY AND MIDDLE EAR,
C30.0,specific,優先用語,鼻腔（鼻，ＮＯＳ C76.0を除く）,"Nasal cavity (excludes nose, NOS C76.0)",
C30.0,specific,同義語,鼻内部,Internal nose,
C30.0,specific,同義語,鼻孔,Naris,
C30.0,specific,同義語,鼻軟骨,Nasal cartilage,
C30.0,specific,同義語,鼻粘膜,Nasal mucosa,
C30.0,specific,同義語,鼻中隔，ＮＯＳ（鼻中隔の後縁C11.3を除,"Nasal septum, NOS (excludes posterior",
C30.0,specific,同義語,く）,margin of nasal septum C11.3),
C30.0,specific,同義語,鼻甲介,Nasal turbinate,
C30.0,specific,同義語,外鼻孔,Nostril,
C30.0,specific,同義語,鼻前庭,Vestibule of nose,
C30.1,specific,優先用語,中耳,Middle ear,
C30.1,specific,同義語,内耳,Inner ear,
C30.1,specific,同義語,耳管,Auditory tube,
C30.1,specific,同義語,乳突洞,Eustachian tube,
C30.1,specific,同義語,鼓室,Mastoid antrum Tympanic cavity,
C31,category,優先用語,副鼻腔,ACCESSORY SINUSES,
C31.0,specific,優先用語,上顎洞,"Maxillary sinus Maxillary antrum Antrum, NOS",
C31.1,specific,優先用語,篩骨洞,Ethmoid sinus,
C31.2,specific,優先用語,前頭洞,Frontal sinus,
C31.3,specific,優先用語,蝶形骨洞,Sphenoid sinus,
C31.8,specific,優先用語,副鼻腔の境界部病巣,Overlapping lesion of accessory sinuses,
C31.8,specific,同義語,（73ページの注を参照）,(see note page 45),
C31.9,specific,優先用語,副鼻腔，ＮＯＳ,"Accessory sinus, NOS Accessory nasal sinus Paranasal sinus",
C32,category,優先用語,喉頭,LARYNX,
C32.0,specific,優先用語,声門,Glottis,
C32.0,specific,同義語,内喉頭,Intrinsic larynx,
C32.0,specific,同義語,喉頭交連,Laryngeal commissure,
C32.0,specific,同義語,声帯，ＮＯＳ,"Vocal cord, NOS",
C32.0,specific,同義語,真性声帯,True vocal cord True cord,
C32.1,specific,優先用語,声門上部,Supraglottis,
C32.1,specific,同義語,喉頭蓋，ＮＯＳ（喉頭蓋前面C10.1を除く）,"Epiglottis, NOS (excludes anterior surface of epiglottis C10.1)",
C32.1,specific,同義語,外喉頭,Extrinsic larynx,
C32.1,specific,同義語,披裂喉頭蓋ひだの喉頭面▼１,Laryngeal aspect of aryepiglottic fold,
C32.1,specific,同義語,喉頭蓋後面,Posterior surface of epiglottis,
C32.1,specific,同義語,喉頭の偽声帯,Ventricular band of larynx,
C32.1,specific,同義語,仮声帯,False vocal cord False cord,
C32.2,specific,優先用語,声門下部,Subglottis,
C32.3,specific,優先用語,喉頭軟骨,Laryngeal cartilage,
C32.3,specific,同義語,披裂軟骨,Arytenoid cartilage,
C32.3,specific,同義語,輪状軟骨,Cricoid cartilage,
C32.3,specific,同義語,楔状軟骨,Cuneiform cartilage,
C32.3,specific,同義語,甲状軟骨,Thyroid cartilage,
C32.8,specific,優先用語,喉頭の境界部病巣,Overlapping lesion of larynx,
C32.8,specific,同義語,（73ページの注を参照）,(see note page 45),
C32.9,specific,優先用語,喉頭，ＮＯＳ,"Larynx, NOS",
C33,category,優先用語,気管,TRACHEA,
C33.9,specific,優先用語,気管,Trachea,
C34,category,優先用語,気管支及び肺,BRONCHUS AND LUNG,
C34.0,specific,優先用語,主気管支,Main bronchus,
C34.0,specific,同義語,分岐部,Carina,
C34.0,specific,同義語,肺門部 中間幹▼１,Hilus of lung,
C34.1,specific,優先用語,上葉，肺,"Upper lobe, lung",
C34.1,specific,同義語,肺小舌,Lingula of lung,
C34.1,specific,同義語,上葉，気管支,"Upper lobe, bronchus",
C34.2,specific,優先用語,中葉，肺,"Middle lobe, lung",
C34.2,specific,同義語,中葉，気管支,"Middle lobe, bronchus",
C34.3,specific,優先用語,下葉，肺,"Lower lobe, lung",
C34.3,specific,同義語,下葉，気管支,"Lower lobe, bronchus",
C34.8,specific,優先用語,肺の境界部病巣,Overlapping lesion of lung,
C34.8,specific,同義語,（73ページの注を参照）,(see note page 45),
C34.9,specific,優先用語,肺，ＮＯＳ,"Lung, NOS",
C34.9,specific,同義語,気管支，ＮＯＳ,"Bronchus, NOS",
C34.9,specific,同義語,細気管支,Bronchiole,
C34.9,specific,同義語,気管支原発,Bronchogenic,
C34.9,specific,同義語,肺，ＮＯＳ,"Pulmonary, NOS",
C37,category,優先用語,胸腺,THYMUS,
C37.9,specific,優先用語,胸腺,Thymus,
C38,category,優先用語,心臓，縦隔及び胸膜,"HEART, MEDIASTINUM, AND PLEURA",
C38.0,specific,優先用語,心臓,Heart,
C38.0,specific,同義語,心内膜,Endocardium,
C38.0,specific,同義語,心外膜,Epicardium,
C38.0,specific,同義語,心筋,Myocardium,
C38.0,specific,同義語,心膜,Pericardium,
C38.0,specific,同義語,心室,Cardiac ventricle,
C38.0,specific,同義語,心房,Cardiac atrium,
C38.1,specific,優先用語,前縦隔,Anterior mediastinum,
C38.2,specific,優先用語,後縦隔,Posterior mediastinum,
C38.3,specific,優先用語,縦隔，ＮＯＳ,"Mediastinum, NOS",
C38.4,specific,優先用語,胸膜，ＮＯＳ,"Pleura, NOS",
C38.4,specific,同義語,壁側胸膜,Parietal pleura,
C38.4,specific,同義語,臓側胸膜,Visceral pleura,
C38.8,specific,優先用語,心臓，縦隔及び胸膜の境界部病巣,"Overlapping lesion of heart, mediastinum, and pleura",
C38.8,specific,同義語,（73ページの注を参照）,(see note page 45),
C39,category,優先用語,その他及び部位不明確の呼吸,OTHER AND ILL-DEFINED,
C39,category,同義語,器系及び胸腔内臓器,SITES WITHIN RESPIRATORY SYSTEM AND INTRATHORACIC ORGANS,
C39.0,specific,優先用語,上気道，ＮＯＳ,"Upper respiratory tract, NOS",
C39.8,specific,優先用語,呼吸器系及び胸腔内臓器の境界部病巣,Overlapping lesion of respiratory system and intrathoracic organs,
C39.8,specific,同義語,注：呼吸器及び胸腔内臓器の新生物〈腫,Note : Neoplasms of respiratory and,
C39.8,specific,同義語,瘍〉で，発生部位がC30-C39.0のいず,intrathoracic organs whose point,
C39.8,specific,同義語,れの項目にも分類されないもの,of origin cannot be assigned to any one of the categories C30 to C39.0.,
C39.9,specific,優先用語,部位不明確の呼吸器系,Ill-defined sites within respiratory system,
C39.9,specific,同義語,気道，ＮＯＳ,"Respiratory tract, NOS",
C40,category,優先用語,骨，関節及び関節軟骨,"-41 C40-C41 BONES, JOINTS AND ARTICULAR CARTILAGE",
C40,category,同義語,肢の骨，関節及び関節軟骨,"BONES, JOINTS AND ARTICULAR CARTILAGE OF LIMBS",
C40.0,specific,優先用語,上肢の長骨，肩甲骨及びその関節,"Long bones of upper limb, scapula and associated joints",
C40.0,specific,同義語,肩鎖関節,Acromioclavicular joint,
C40.0,specific,同義語,腕の骨,Bone of arm,
C40.0,specific,同義語,前腕の骨,Bone of forearm,
C40.0,specific,同義語,肩の骨,Bone of shoulder,
C40.0,specific,同義語,肘関節,Elbow joint,
C40.0,specific,同義語,上腕骨,Humerus,
C40.0,specific,同義語,橈骨,Radius,
C40.0,specific,同義語,肩甲骨,Scapula,
C40.0,specific,同義語,肩甲帯,Shoulder girdle,
C40.0,specific,同義語,肩関節,Shoulder joint,
C40.0,specific,同義語,尺骨,Ulna,
C40.1,specific,優先用語,上肢の短骨及びその関節,Short bones of upper limb and associated joints,
C40.1,specific,同義語,指骨,Bone of finger,
C40.1,specific,同義語,手の骨,Bone of hand,
C40.1,specific,同義語,母指の骨,Bone of thumb,
C40.1,specific,同義語,手首の骨,Bone of wrist,
C40.1,specific,同義語,手根骨,Carpal bone,
C40.1,specific,同義語,手の関節,Hand joint,
C40.1,specific,同義語,中手骨,Metacarpal bone,
C40.1,specific,同義語,手の指節骨,Phalanx of hand,
C40.1,specific,同義語,手関節,Wrist joint,
C40.2,specific,優先用語,下肢の長骨及びその関節,Long bones of lower limb and associated joints,
C40.2,specific,同義語,脚の骨,Bone of leg,
C40.2,specific,同義語,大腿骨,Femur,
C40.2,specific,同義語,腓骨,Fibula,
C40.2,specific,同義語,膝関節,"Knee joint, NOS",
C40.2,specific,同義語,半月,Semilunar cartilage,
C40.2,specific,同義語,外側半月,Lateral meniscus of knee joint,
C40.2,specific,同義語,内側半月,Medial meniscus of knee joint,
C40.2,specific,同義語,脛骨,Tibia,
C40.3,specific,優先用語,下肢の短骨,Short bones of lower limb and associated joints,
C40.3,specific,同義語,足関節,Ankle joint,
C40.3,specific,同義語,足関節の骨,Bone of ankle,
C40.3,specific,同義語,足の骨,Bone of foot,
C40.3,specific,同義語,踵骨,Bone of heel,
C40.3,specific,同義語,趾骨,Bone of toe,
C40.3,specific,同義語,足の関節,Foot joint,
C40.3,specific,同義語,中足骨,Metatarsal bone,
C40.3,specific,同義語,膝蓋骨,Patella,
C40.3,specific,同義語,趾節骨,Phalanx of foot,
C40.3,specific,同義語,足根骨,Tarsal bone,
C40.8,specific,優先用語,四肢の骨，関節及び関節軟骨の境界部病巣,"Overlapping lesion of bones, joints and articular cartilage of limbs",
C40.8,specific,同義語,（73ページの注を参照）,(see note page 45),
C40.9,specific,優先用語,四肢の骨，ＮＯＳ,"Bone of limb, NOS",
C40.9,specific,同義語,四肢の軟骨，ＮＯＳ,"Cartilage of limb, NOS",
C40.9,specific,同義語,四肢の関節，ＮＯＳ,"Joint of limb, NOS",
C40.9,specific,同義語,四肢の関節軟骨，ＮＯＳ,"Articular cartilage of limb, NOS",
C41,category,優先用語,その他及び部位不明の骨，関節,"BONES, JOINTS AND",
C41,category,同義語,及び関節軟骨,ARTICULAR CARTILAGE OF OTHER AND UNSPECIFIED SITES,
C41.0,specific,優先用語,頭蓋骨，顔面骨及びその関節（下顎,Bones of skull and face and associated,
C41.0,specific,同義語,C41.1を除く）,joints (excludes mandible C41.1),
C41.0,specific,同義語,頭蓋冠,Calvarium,
C41.0,specific,同義語,頭蓋骨,Cranial bone,
C41.0,specific,同義語,篩骨,Ethmoid bone,
C41.0,specific,同義語,顔面骨,Facial bone,
C41.0,specific,同義語,前頭骨,Frontal bone,
C41.0,specific,同義語,舌骨,Hyoid bone,
C41.0,specific,同義語,上顎骨,Maxilla,
C41.0,specific,同義語,鼻骨,Upper jaw bone,
C41.0,specific,同義語,後頭骨,Nasal bone,
C41.0,specific,同義語,眼窩の骨,Occipital bone,
C41.0,specific,同義語,頭頂骨,Orbital bone,
C41.0,specific,同義語,頭蓋，ＮＯＳ,Parietal bone,
C41.0,specific,同義語,蝶形骨,"Skull, NOS",
C41.0,specific,同義語,側頭骨,Sphenoid bone,
C41.0,specific,同義語,頬骨,Temporal bone Zygomatic bone,
C41.1,specific,優先用語,下顎,Mandible,
C41.1,specific,同義語,顎骨，ＮＯＳ,"Jaw bone, NOS",
C41.1,specific,同義語,下顎骨,Lower jaw bone,
C41.1,specific,同義語,顎関節,Temporomandibular joint,
C41.2,specific,優先用語,脊柱（仙骨及び尾骨C41.4を除く）,Vertebral column (excludes sacrum and coccyx C41.4),
C41.2,specific,同義語,環椎,Atlas,
C41.2,specific,同義語,軸椎,Axis,
C41.2,specific,同義語,背骨,Bone of back,
C41.2,specific,同義語,椎間板,Intervertebral disc,
C41.2,specific,同義語,髄核,Nucleus pulposus,
C41.2,specific,同義語,脊柱,Spinal column,
C41.2,specific,同義語,脊椎,Spine,
C41.2,specific,同義語,椎骨,Vertebra,
C41.3,specific,優先用語,肋骨，胸骨，鎖骨及びその関節,"Rib, sternum, clavicle and associated joints",
C41.3,specific,同義語,肋軟骨,Costal cartilage,
C41.3,specific,同義語,肋椎軟骨,Costovertebral joint,
C41.3,specific,同義語,胸肋関節,Sternocostal joint,
C41.4,specific,優先用語,骨盤骨，仙骨，尾骨及びその関節,"Pelvic bones, sacrum, coccyx and associated joints",
C41.4,specific,同義語,寛骨臼,Acetabulum,
C41.4,specific,同義語,股関節部の骨,Bone of hip,
C41.4,specific,同義語,尾骨,Coccyx,
C41.4,specific,同義語,股関節,Hip joint,
C41.4,specific,同義語,腸骨,Ilium,
C41.4,specific,同義語,無名骨,Innominate bone,
C41.4,specific,同義語,坐骨,Ischium,
C41.4,specific,同義語,骨盤骨,Pelvic bone,
C41.4,specific,同義語,恥骨,Pubic bone,
C41.4,specific,同義語,仙骨,Sacrum,
C41.4,specific,同義語,恥骨結合,Symphysis pubis,
C41.8,specific,優先用語,骨，関節及び関節軟骨の境界部病巣,"Overlapping lesion of bones, joints and articular cartilage",
C41.8,specific,同義語,注：骨，関節及び関節軟骨の新生物〈腫,"Note : Neoplasms of bones, joints and",
C41.8,specific,同義語,瘍〉で，その発生部位がC40-C41のい,articular cartilage whose point of,
C41.8,specific,同義語,ずれの項目にも分類されないもの,origin cannot be assigned to any one of the categories C40 to C41.,
C41.9,specific,優先用語,骨，ＮＯＳ,"Bone, NOS",
C41.9,specific,同義語,軟骨，ＮＯＳ,"Cartilage, NOS",
C41.9,specific,同義語,関節，ＮＯＳ,"Joint, NOS",
C41.9,specific,同義語,骨格,Skeletal bone,
C41.9,specific,同義語,関節軟骨，ＮＯＳ,"Articular cartilage, NOS",
C42,category,優先用語,造血系及び細網内皮系,HEMATOPOIETIC AND RETICULOENDOTHELIAL SYSTEMS,
C42.0,specific,優先用語,血液,Blood,
C42.1,specific,優先用語,骨髄 ▼１,Bone marrow,
C42.2,specific,優先用語,脾,Spleen,
C42.3,specific,優先用語,細網内皮系，ＮＯＳ,"Reticuloendothelial system, NOS",
C42.4,specific,優先用語,造血系，ＮＯＳ,"Hematopoietic system, NOS",
C44,category,優先用語,皮膚（外陰部の皮膚C51._，陰茎の,"SKIN (excludes skin of vulva C51._,",
C44,category,同義語,皮膚C60.9，陰のうの皮膚,"skin of penis C60.9, skin of",
C44,category,同義語,C63.2を除く）,scrotum C63.2),
C44.0,specific,優先用語,口唇の皮膚，ＮＯＳ,"Skin of lip, NOS",
C44.0,specific,同義語,下唇の皮膚,Skin of lower lip,
C44.0,specific,同義語,上唇の皮膚,Skin of upper lip,
C44.1,specific,優先用語,眼瞼,"Eyelid Lid, NOS Palpebra",
C44.1,specific,同義語,眼角，ＮＯＳ,"Canthus, NOS",
C44.1,specific,同義語,内眼角,Inner canthus,
C44.1,specific,同義語,下眼瞼,Lower lid,
C44.1,specific,同義語,マイボーム腺,Meibomian gland,
C44.1,specific,同義語,外眼角,Outer canthus,
C44.1,specific,同義語,上眼角,Upper lid,
C44.2,specific,優先用語,外耳,External ear,要確認
C44.2,specific,同義語,耳介，ＮＯＳ,"Auricle, NOS",要確認
C44.2,specific,同義語,耳垢腺,Pinna,要確認
C44.2,specific,同義語,耳甲介,Ceruminal gland,要確認
C44.2,specific,同義語,耳，ＮＯＳ,Concha,要確認
C44.2,specific,同義語,耳朶,"Ear, NOS",要確認
C44.2,specific,同義語,外耳道,Ear lobule,要確認
C44.2,specific,同義語,耳道，ＮＯＳ,Earlobe,要確認
C44.2,specific,同義語,耳輪,"External auditory canal Auditory canal, NOS Auricular canal, NOS External auricular canal Ear canal External auditory meatus Helix",要確認
C44.2,specific,同義語,耳介の皮膚,Skin of auricle,要確認
C44.2,specific,同義語,耳の皮膚，ＮＯＳ,"Skin of ear, NOS",要確認
C44.2,specific,同義語,耳珠,Tragus,要確認
C44.3,specific,優先用語,その他及び部位不明の顔面の皮膚,Skin of other and unspecified parts of face,
C44.3,specific,同義語,皮膚：,Skin of:,
C44.3,specific,同義語,・頬部,· cheek,
C44.3,specific,同義語,・おとがい,· chin,
C44.3,specific,同義語,・顔面,· face,
C44.3,specific,同義語,・前頭部,· forehead,
C44.3,specific,同義語,・顎部,· jaw,
C44.3,specific,同義語,・鼻部,· nose,
C44.3,specific,同義語,・側頭部,· temple,
C44.3,specific,同義語,鼻翼,Ala nasi,
C44.3,specific,同義語,おとがい，ＮＯＳ,"Chin, NOS",
C44.3,specific,同義語,鼻の支柱,Columnella,
C44.3,specific,同義語,眉毛,Eyebrow Brow,
C44.3,specific,同義語,頬，外面,External cheek,
C44.3,specific,同義語,鼻，外面,External nose,
C44.3,specific,同義語,前頭部，ＮＯＳ,"Forehead, NOS",
C44.3,specific,同義語,側頭部，ＮＯＳ,"Temple, NOS",
C44.4,specific,優先用語,頭皮及び頸の皮膚,Skin of scalp and neck,
C44.4,specific,同義語,頭部の皮膚，ＮＯＳ,"Skin of head, NOS",
C44.4,specific,同義語,頸部の皮膚,Skin of neck,
C44.4,specific,同義語,頭皮，ＮＯＳ,"Skin of scalp Scalp, NOS",
C44.4,specific,同義語,頸部の皮膚,Skin of cervical region,
C44.4,specific,同義語,鎖骨上部の皮膚,Skin of supraclavicular region,
C44.5,specific,優先用語,体幹の皮膚,Skin of trunk,
C44.5,specific,同義語,皮膚：,Skin of:,
C44.5,specific,同義語,・腹部,· abdomen,
C44.5,specific,同義語,・腹壁,· abdominal wall,
C44.5,specific,同義語,・肛門,· anus,
C44.5,specific,同義語,・腋窩,· axilla,
C44.5,specific,同義語,・背部,· back,
C44.5,specific,同義語,・乳房,· breast,
C44.5,specific,同義語,・殿部,· buttock,
C44.5,specific,同義語,・胸部,· chest,
C44.5,specific,同義語,・胸壁,· chest wall,
C44.5,specific,同義語,・側腹部,· flank,
C44.5,specific,同義語,・そけい部,· groin,
C44.5,specific,同義語,・会陰部,· perineum,
C44.5,specific,同義語,・胸壁,· thoracic wall,
C44.5,specific,同義語,・胸郭,· thorax,
C44.5,specific,同義語,・体幹,· trunk,
C44.5,specific,同義語,・臍部,· umbilicus,
C44.5,specific,同義語,・臀部,· gluteal region,
C44.5,specific,同義語,・鎖骨下部,· infraclavicular region,
C44.5,specific,同義語,・そけい部,· inguinal region,
C44.5,specific,同義語,・仙尾骨,· sacrococcygeal region,
C44.5,specific,同義語,・肩甲部,· scapular region,
C44.5,specific,同義語,肛門周囲皮膚,Perianal skin,
C44.5,specific,同義語,臍，ＮＯＳ,"Umbilicus, NOS",
C44.6,specific,優先用語,上肢及び肩の皮膚,Skin of upper limb and shoulder,
C44.6,specific,同義語,皮膚：,Skin of:,
C44.6,specific,同義語,・肘前窩,· antecubital space,
C44.6,specific,同義語,・腕,· arm,
C44.6,specific,同義語,・肘,· elbow,
C44.6,specific,同義語,・指,· finger,
C44.6,specific,同義語,・前腕,· forearm,
C44.6,specific,同義語,・手,· hand,
C44.6,specific,同義語,・手掌,· palm,
C44.6,specific,同義語,・肩,· shoulder,
C44.6,specific,同義語,・母指,· thumb,
C44.6,specific,同義語,・上肢,· upper limb,
C44.6,specific,同義語,・手首,· wrist,
C44.6,specific,同義語,指爪,Finger nail,
C44.6,specific,同義語,手掌の皮膚,Palmar skin,
C44.7,specific,優先用語,下肢及び股関節部の皮膚,Skin of lower limb and hip,
C44.7,specific,同義語,皮膚：,Skin of:,
C44.7,specific,同義語,・足首,· ankle,
C44.7,specific,同義語,・ふくらはぎ,· calf,
C44.7,specific,同義語,・足,· foot,
C44.7,specific,同義語,・かかと,· heel,
C44.7,specific,同義語,・股関節部,· hip,
C44.7,specific,同義語,・膝,· knee,
C44.7,specific,同義語,・脚,· leg,
C44.7,specific,同義語,・下肢,· lower limb,
C44.7,specific,同義語,・膝窩,· popliteal space,
C44.7,specific,同義語,・大腿,· thigh,
C44.7,specific,同義語,・趾,· toe,
C44.7,specific,同義語,足底皮膚,Plantar skin,
C44.7,specific,同義語,足底,Sole of foot,
C44.7,specific,同義語,趾爪,Toe nail,
C44.8,specific,優先用語,皮膚の境界部病巣,Overlapping lesion of skin,
C44.8,specific,同義語,（73ページの注を参照）,(see note page 45),
C44.9,specific,優先用語,皮膚，ＮＯＳ（大陰唇の皮膚C51.0，外陰,"Skin, NOS (excludes skin of labia majora",
C44.9,specific,同義語,部の皮膚C51.9，陰茎の皮膚C60.9，陰,"C51.0, skin of vulva C51.9, skin of penis",
C47,category,優先用語,末梢神経及び自律神経系（自律神経系，神経節，神経，副交感神経系，末梢神経，脊髄神経，交感神経系を含む）,"PERIPHERAL NERVES AND AUTONOMIC NERVOUS SYSTEM (includes autonomic nervous system, ganglia, nerve, parasympathetic nervous system, peripheral nerve, spinal nerve, sympathetic nervous system)",
C47.0,specific,優先用語,頭部，顔面及び頸部の末梢神経及び自律神経系（眼窩の末梢神経及び自律神経系C69.6を除く）,"Peripheral nerves and autonomic nervous system of head, face, and neck (excludes peripheral nerves and autonomic nervous system of orbit C69.6)",
C47.0,specific,同義語,末梢神経及び自律神経系（C47のリストを参照）：頬部，おとがい，前頭部，頭部，頸部，頭皮，側頭部，翼突窩，鎖骨上部,"Peripheral nerves and autonomic nervous system of (see list under C47): cheek, chin, face, forehead, head, neck, scalp, temple, cervical region, pterygoid fossa, supraclavicular region",
C47.0,specific,同義語,頸神経そう（叢）,Cervical plexus,
C47.1,specific,優先用語,上肢及び肩の末梢神経及び自律神経系,Peripheral nerves and autonomic nervous system of upper limb and shoulder,
C47.1,specific,同義語,末梢神経及び自律神経系（C47のリストを参照）：肘前窩，腕，肘，指，前腕，手，肩，母指，手首,"Peripheral nerves and autonomic nervous system of (see list under C47): antecubital space, arm, elbow, finger, forearm, hand, shoulder, thumb, wrist",
C47.1,specific,同義語,上腕神経,Brachial nerve,
C47.1,specific,同義語,腕神経そう（叢）,Brachial plexus,
C47.1,specific,同義語,正中神経,Median nerve,
C47.1,specific,同義語,橈骨神経,Radial nerve,
C47.1,specific,同義語,尺骨神経,Ulnar nerve,
C47.2,specific,優先用語,下肢及び股関節部の末梢神経及び自律神経系,Peripheral nerves and autonomic nervous system of lower limb and hip,
C47.2,specific,同義語,末梢神経及び自律神経系（C47のリストを参照）：足首，ふくらはぎ，足，かかと，股関節部，膝，脚，膝窩，大腿，趾,"Peripheral nerves and autonomic nervous system of (see list under C47): ankle, calf, foot, heel, hip, knee, leg, popliteal space, thigh, toe",
C47.2,specific,同義語,大腿神経,Femoral nerve,
C47.2,specific,同義語,閉鎖神経,Obturator nerve,
C47.2,specific,同義語,坐骨神経,Sciatic nerve,
C47.3,specific,優先用語,胸郭の末梢神経及び自律神経系,Peripheral nerves and autonomic nervous system of thorax,
C47.3,specific,同義語,末梢神経及び自律神経系（C47のリストを参照）：腋窩，胸部，胸壁，鎖骨上部，肩甲部,"Peripheral nerves and autonomic nervous system of (see list under C47): axilla, chest, chest wall, thoracic wall, infraclavicular region, scapular region",
C47.3,specific,同義語,肋間神経,Intercostal nerve,
C47.4,specific,優先用語,腹部の末梢神経及び自律神経系,Peripheral nerves and autonomic nervous system of abdomen,
C47.4,specific,同義語,末梢神経及び自律神経系（C47のリストを参照）：腹壁，臍,"Peripheral nerves and autonomic nervous system of (see list under C47): abdominal wall, umbilicus",
C47.5,specific,優先用語,骨盤の末梢神経及び自律神経系,Peripheral nerves and autonomic nervous system of pelvis,
C47.5,specific,同義語,末梢神経及び自律神経系（C47のリストを参照）：殿部，そけい部，会陰部，仙尾骨部,"Peripheral nerves and autonomic nervous system of (see list under C47): buttock, groin, perineum, gluteal region, inguinal region, sacrococcygeal region",
C47.5,specific,同義語,腰仙骨神経そう（叢）,Lumbosacral plexus,
C47.5,specific,同義語,仙骨神経,Sacral nerve,
C47.5,specific,同義語,仙骨神経そう（叢）,Sacral plexus,
C47.6,specific,優先用語,体幹の末梢神経及び自律神経系，NOS,"Peripheral nerves and autonomic nervous system of trunk, NOS",
C47.6,specific,同義語,末梢神経及び自律神経系（C47のリストを参照）：背部，側腹部，体幹,"Peripheral nerves and autonomic nervous system of (see list under C47): back, flank, trunk",
C47.6,specific,同義語,腰神経,Lumbar nerve,
C47.8,specific,優先用語,末梢神経及び自律神経系の境界部病巣,Overlapping lesion of peripheral nerves and autonomic nervous system,
C47.8,specific,同義語,（73ページの注を参照）,(see note page 45),
C47.9,specific,優先用語,自律神経系，NOS,"Autonomic nervous system, NOS",
C47.9,specific,同義語,神経節，NOS,"Ganglia, NOS",
C47.9,specific,同義語,神経，NOS,"Nerve, NOS",
C47.9,specific,同義語,副交感神経系，NOS,"Parasympathetic nervous system, NOS",
C47.9,specific,同義語,末梢神経，NOS,"Peripheral nerve, NOS",
C47.9,specific,同義語,脊髄神経，NOS,"Spinal nerve, NOS",
C47.9,specific,同義語,交感神経系，NOS,"Sympathetic nervous system, NOS",
C48,category,優先用語,後腹膜及び腹膜,RETROPERITONEUM AND PERITONEUM,
C48.0,specific,優先用語,後腹膜,Retroperitoneum,
C48.0,specific,同義語,副腎周囲組織,Periadrenal tissue,
C48.0,specific,同義語,腎周囲組織,Perinephric tissue,
C48.0,specific,同義語,膵周囲組織,Peripancreatic tissue,
C48.0,specific,同義語,盲腸後組織,Perirenal tissue,
C48.0,specific,同義語,後腹膜組織,Retrocecal tissue Retroperitoneal tissue,
C48.1,specific,優先用語,腹膜の明示された部位,Specified parts of peritoneum,
C48.1,specific,同義語,腸間膜,Mesentery,
C48.1,specific,同義語,虫垂間膜,Mesoappendix,
C48.1,specific,同義語,結腸間膜,Mesocolon,
C48.1,specific,同義語,大網,Omentum,
C48.1,specific,同義語,骨盤腹膜,Pelvic peritoneum,
C48.1,specific,同義語,直腸子宮窩,Rectouterine pouch Cul de sac,
C48.1,specific,同義語,ダグラス窩,Pouch of Douglas,
C48.1,specific,同義語,（73ページの注を参照）,(see note page 45),
C48.2,specific,優先用語,腹膜，ＮＯＳ,"Peritoneum, NOS",
C48.2,specific,同義語,腹膜腔,Peritoneal cavity,
C48.8,specific,優先用語,後腹膜及び腹膜の境界部病巣,Overlapping lesion of retroperitoneum and peritoneum,
C48.8,specific,同義語,（73ページの注を参照）,(see note page 45),
C49,category,優先用語,結合組織，皮下組織及びその他の軟部組織（脂肪組織，腱膜，動脈，血管，滑液のう，結合組織，筋膜，線維組織，靭帯，リンパ管，筋，骨格筋，皮下組織，滑膜，腱，腱鞘，静脈，脈管を含む）,"CONNECTIVE, SUBCUTANEOUS AND OTHER SOFT TISSUES (includes adipose tissue, aponeuroses, artery, blood vessel, bursa, connective tissue, fascia, fatty tissue, fibrous tissue, ligament, lymphatic, muscle, skeletal muscle, subcutaneous tissue, synovia, tendon, tendon sheath, vein, vessel)",
C49.0,specific,優先用語,頭部，顔面及び頸部の結合組織，皮下組織及びその他の軟部組織（眼窩の結合組織C69.6及び鼻軟骨C30.0を除く）,"Connective, subcutaneous and other soft tissues of head, face, and neck (excludes connective tissue of orbit C69.6 and nasal cartilage C30.0)",
C49.0,specific,同義語,結合組織，皮下組織及びその他の軟部組織（C49のリストを参照）：頬部，おとがい，顔面，前頭部，頭部，頸部，頭皮，側頭部，頸部，翼突窩，鎖骨上部,"Connective, subcutaneous and other soft tissues of (see list under C49): cheek, chin, face, forehead, head, neck, scalp, temple, cervical region, pterygoid fossa, supraclavicular region",
C49.0,specific,同義語,耳の軟骨,Auricular cartilage,
C49.0,specific,同義語,耳の軟骨,Cartilage of ear,
C49.0,specific,同義語,頸動脈,Carotid artery,
C49.0,specific,同義語,咬筋,Masseter muscle,
C49.0,specific,同義語,胸鎖乳突筋,Sternocleidomastoid muscle,
C49.1,specific,優先用語,上肢及び肩の結合組織，皮下組織及びその他の軟部組織,"Connective, subcutaneous and other soft tissues of upper limb and shoulder",
C49.1,specific,同義語,結合組織，皮下組織及びその他の軟部組織（C49のリストを参照）：肘前窩，腕，肘，指，前腕，手，肩，母指，手首,"Connective, subcutaneous and other soft tissues of (see list under C49): antecubital space, arm, elbow, finger, forearm, hand, shoulder, thumb, wrist",
C49.1,specific,同義語,上腕二頭筋,Biceps brachii muscle,
C49.1,specific,同義語,上腕筋,Brachialis muscle,
C49.1,specific,同義語,烏口腕筋,Coracobrachialis muscle,
C49.1,specific,同義語,三角筋,Deltoideus muscle,
C49.1,specific,同義語,手掌腱膜,Palmar aponeurosis,
C49.1,specific,同義語,手掌筋膜,Palmar fascia,
C49.1,specific,同義語,橈骨動脈,Radial artery,
C49.1,specific,同義語,上腕三頭筋,Triceps brachii muscle,
C49.1,specific,同義語,尺骨動脈,Ulnar artery,
C49.2,specific,優先用語,下肢及び股関節部の結合組織，皮下組織及びその他の軟部組織,"Connective, subcutaneous and other soft tissues of lower limb and hip",
C49.2,specific,同義語,結合組織，皮下組織及びその他の軟部組織（C49のリストを参照）：足首，ふくらはぎ，足，かかと，股関節部，膝，脚，膝窩，大腿，趾,"Connective, subcutaneous and other soft tissues of (see list under C49): ankle, calf, foot, heel, hip, knee, leg, popliteal space, thigh, toe",
C49.2,specific,同義語,大腿二頭筋,Biceps femoris muscle,
C49.2,specific,同義語,大腿動脈,Femoral artery,
C49.2,specific,同義語,腓腹筋,Gastrocnemius muscle,
C49.2,specific,同義語,足底腱膜,Plantar aponeurosis,
C49.2,specific,同義語,足底筋膜,Plantar fascia,
C49.2,specific,同義語,大腿四頭筋,Quadriceps femoris muscle,
C49.3,specific,優先用語,胸郭の結合組織，皮下組織及びその他の軟部組織（胸腺C37.9，心臓及び縦隔C38._を除く）,"Connective, subcutaneous and other soft tissues of thorax (excludes thymus C37.9, heart and mediastinum C38._)",
C49.3,specific,同義語,結合組織，皮下組織及びその他の軟部組織（C49のリストを参照）：腋窩，胸部，胸壁，胸郭，鎖骨上部，肩甲部,"Connective, subcutaneous and other soft tissues of (see list under C49): axilla, chest, chest wall, thorax, thoracic wall, infraclavicular region, scapular region",
C49.3,specific,同義語,大動脈，NOS,"Aorta, NOS",
C49.3,specific,同義語,腋窩動脈,Axillary artery,
C49.3,specific,同義語,横隔膜,Diaphragm,
C49.3,specific,同義語,肋間筋,Intercostal muscle,
C49.3,specific,同義語,内胸動脈,Internal mammary artery,
C49.3,specific,同義語,広背筋,Latissimus dorsi muscle,
C49.3,specific,同義語,大胸筋,Pectoralis major muscle,
C49.3,specific,同義語,鎖骨下動脈,Subclavian artery,
C49.3,specific,同義語,上大静脈,Superior vena cava,
C49.3,specific,同義語,胸管,Thoracic duct,
C49.3,specific,同義語,僧帽筋,Trapezius muscle,
C49.4,specific,優先用語,腹部の結合組織，皮下組織及びその他の軟部組織,"Connective, subcutaneous and other soft tissues of abdomen",
C49.4,specific,同義語,結合組織，皮下組織及びその他の軟部組織（C49のリストを参照）：腹部，腹壁，臍,"Connective, subcutaneous and other soft tissues of (see list under C49): abdomen, abdominal wall, umbilicus",
C49.4,specific,同義語,腹部大動脈,Abdominal aorta,
C49.4,specific,同義語,腹部大静脈,Abdominal vena cava,
C49.4,specific,同義語,腹壁筋,Abdominal wall muscle,
C49.4,specific,同義語,腹腔動脈,Celiac artery,
C49.4,specific,同義語,腸腰筋,Iliopsoas muscle,
C49.4,specific,同義語,下大静脈,Inferior vena cava,
C49.4,specific,同義語,腸間膜動脈,Mesenteric artery,
C49.4,specific,同義語,腰筋,Psoas muscle,
C49.4,specific,同義語,腹直筋,Rectus abdominis muscle,
C49.4,specific,同義語,腎動脈,Renal artery,
C49.4,specific,同義語,大静脈，NOS,"Vena cava, NOS",
C49.5,specific,優先用語,骨盤の結合組織，皮下組織及びその他の軟部組織,"Connective, subcutaneous and other soft tissues of pelvis",
C49.5,specific,同義語,結合組織，皮下組織及びその他の軟部組織（C49のリストを参照）：殿部，そけい部，会陰部，仙尾骨部,"Connective, subcutaneous and other soft tissues of (see list under C49): buttock, groin, perineum, gluteal region, inguinal region, sacrococcygeal region",
C49.5,specific,同義語,大殿筋,Gluteus maximus muscle,
C49.5,specific,同義語,腸骨動脈,Iliac artery,
C49.5,specific,同義語,腸骨静脈,Iliac vein,
C49.6,specific,優先用語,体幹の結合組織，皮下組織及びその他の軟部組織，NOS,"Connective, subcutaneous and other soft tissues of trunk, NOS",
C49.6,specific,同義語,結合組織，皮下組織及びその他の軟部組織（C49のリストを参照）：背部，側腹部，体幹,"Connective, subcutaneous and other soft tissues of (see list under C49): back, flank, trunk",
C49.8,specific,優先用語,結合組織，皮下組織及びその他の軟部組織の境界部病巣,"Overlapping lesion of connective, subcutaneous and other soft tissues",
C49.8,specific,同義語,（73ページの注を参照）,(see note page 45),
C49.9,specific,優先用語,結合組織，皮下組織及びその他の軟部組織，NOS,"Connective, subcutaneous and other soft tissues, NOS",
C49.9,specific,同義語,脂肪組織，NOS,"Adipose tissue, NOS",
C49.9,specific,同義語,脂肪組織，NOS,"Fatty tissue, NOS",
C49.9,specific,同義語,腱膜，NOS,"Aponeurosis, NOS",
C49.9,specific,同義語,動脈，NOS,"Artery, NOS",
C49.9,specific,同義語,血管，NOS,"Blood vessel, NOS",
C49.9,specific,同義語,滑液のう，NOS,"Bursa, NOS",
C49.9,specific,同義語,結合組織，NOS,"Connective tissue, NOS",
C49.9,specific,同義語,筋膜，NOS,"Fascia, NOS",
C49.9,specific,同義語,線維組織，NOS,"Fibrous tissue, NOS",
C49.9,specific,同義語,靭帯，NOS,"Ligament, NOS",
C49.9,specific,同義語,リンパ管，NOS,"Lymphatic, NOS",
C49.9,specific,同義語,筋，NOS,"Muscle, NOS",
C49.9,specific,同義語,骨格筋，NOS,"Skeletal muscle, NOS",
C49.9,specific,同義語,皮下組織，NOS,"Subcutaneous tissue, NOS",
C49.9,specific,同義語,滑膜，NOS,"Synovia, NOS",
C49.9,specific,同義語,腱，NOS,"Tendon, NOS",
C49.9,specific,同義語,腱鞘，NOS,"Tendon sheath, NOS",
C49.9,specific,同義語,静脈，NOS,"Vein, NOS",
C49.9,specific,同義語,脈管，NOS,"Vessel, NOS",
C50,category,優先用語,乳房（乳房の皮膚C44.5を除く）,BREAST (excludes skin of breast C44.5),
C50.0,specific,優先用語,乳頭,Nipple,
C50.0,specific,同義語,乳輪,Areola,
C50.1,specific,優先用語,乳房中央部,Central portion of breast,
C50.2,specific,優先用語,乳房上内側４分の１,Upper-inner quadrant of breast,
C50.3,specific,優先用語,乳房下内側４分の１,Lower-inner quadrant of breast,
C50.4,specific,優先用語,乳房上外側４分の１,Upper-outer quadrant of breast,
C50.5,specific,優先用語,乳房下外側４分の１,Lower-outer quadrant of breast,
C50.6,specific,優先用語,乳腺腋窩尾部,Axillary tail of breast,
C50.6,specific,同義語,乳腺の尾部，ＮＯＳ,"Tail of breast, NOS",
C50.8,specific,優先用語,乳房の境界部病巣,Overlapping lesion of breast,
C50.8,specific,同義語,（73ページの注を参照）,(see note page 45),
C50.8,specific,同義語,内側乳房,Inner breast,
C50.8,specific,同義語,下部乳房,Lower breast,
C50.8,specific,同義語,乳房正中線部,Midline of breast,
C50.8,specific,同義語,外側乳房,Outer breast,
C50.8,specific,同義語,上部乳房,Upper breast,
C50.9,specific,優先用語,乳房，ＮＯＳ,"Breast, NOS",
C50.9,specific,同義語,乳腺,Mammary gland,
C51,category,優先用語,外陰,VULVA,
C51.0,specific,優先用語,大陰唇,Labium majus,
C51.0,specific,同義語,大陰唇，ＮＯＳ,"Labia majora, NOS",
C51.0,specific,同義語,バルトリン腺,Bartholin gland,
C51.0,specific,同義語,大陰唇の皮膚,Skin of labia majora,
C51.1,specific,優先用語,小陰唇,Labium minus Labia minora,
C51.2,specific,優先用語,陰核,Clitoris,
C51.8,specific,優先用語,外陰の境界部病巣,Overlapping lesion of vulva,
C51.8,specific,同義語,（73ページの注を参照）,(see note page 45),
C51.9,specific,優先用語,外陰，ＮＯＳ,"Vulva, NOS",
C51.9,specific,同義語,女性外性器,External female genitalia,
C51.9,specific,同義語,陰唇小帯,Fourchette,
C51.9,specific,同義語,陰唇，ＮＯＳ,"Labia, NOS Labium, NOS",
C51.9,specific,同義語,恥丘,Mons pubis,
C51.9,specific,同義語,陰阜,Mons veneris,
C51.9,specific,同義語,外陰部,Pudendum,
C51.9,specific,同義語,外陰の皮膚,Skin of vulva,
C52,category,優先用語,腟,VAGINA,
C52.9,specific,優先用語,腟，ＮＯＳ,"Vagina, NOS",
C52.9,specific,同義語,腟円蓋,Vaginal vault Fornix of vagina,
C52.9,specific,同義語,ガルトネル管,Gartner duct,
C52.9,specific,同義語,処女膜,Hymen,
C53,category,優先用語,子宮頸,CERVIX UTERI,
C53.0,specific,優先用語,子宮頸内膜▼１,Endocervix,
C53.0,specific,同義語,内子宮口,Internal os,
C53.0,specific,同義語,頸管,Cervical canal,
C53.0,specific,同義語,子宮頸管,Endocervical canal,
C53.0,specific,同義語,子宮頸管腺,Endocervical gland,
C53.0,specific,同義語,ナボット腺,Nabothian gland,
C53.1,specific,優先用語,子宮頸外部▼１,Exocervix,
C53.1,specific,同義語,外子宮口 子宮膣部▼２,External os,
C53.8,specific,優先用語,子宮頸の境界部病巣▼１,Overlapping lesion of cervix uteri,
C53.8,specific,同義語,（73ページの注を参照）,(see note page 45),
C53.8,specific,同義語,子宮頸断端,Cervical stump,
C53.8,specific,同義語,子宮頸の扁平円柱上皮接合部,Squamocolumnar junction of cervix,
C53.9,specific,優先用語,子宮頸▼１,Cervix uteri,
C53.9,specific,同義語,子宮頸，ＮＯＳ,"Cervix, NOS Uterine cervix",
C54,category,優先用語,子宮体部,CORPUS UTERI,
C54.0,specific,優先用語,子宮峡部▼１,Isthmus uteri,
C54.0,specific,同義語,子宮下部,Lower uterine segment,
C54.1,specific,優先用語,子宮内膜（子宮体部）▼１,Endometrium,
C54.1,specific,同義語,子宮内膜腺,Endometrial gland,
C54.1,specific,同義語,子宮内膜間質,Endometrial stroma,
C54.2,specific,優先用語,子宮筋層▼１,Myometrium,
C54.3,specific,優先用語,子宮底▼１,Fundus uteri,
C54.8,specific,優先用語,子宮体部の境界部病巣,Overlapping lesion of corpus uteri,
C54.8,specific,同義語,（73ページの注を参照）,(see note page 45),
C54.9,specific,優先用語,子宮体部,Corpus uteri Body of uterus,
C55,category,優先用語,子宮，ＮＯＳ,"UTERUS, NOS",
C55.9,specific,優先用語,子宮，ＮＯＳ▼１,"Uterus, NOS Uterine, NOS",
C56,category,優先用語,卵巣,OVARY,
C56.9,specific,優先用語,卵巣,Ovary,
C57,category,優先用語,その他及び部位不明の女性生殖,OTHER AND UNSPECIFIED,
C57,category,同義語,器,FEMALE GENITAL ORGANS,
C57.0,specific,優先用語,卵管,Fallopian tube Uterine tube,
C57.1,specific,優先用語,子宮広間膜,Broad ligament,
C57.1,specific,同義語,卵巣間膜,Mesovarium,
C57.1,specific,同義語,傍卵巣部,Parovarian region,
C57.2,specific,優先用語,子宮円索,Round ligament,
C57.3,specific,優先用語,子宮傍組織,Parametrium,
C57.3,specific,同義語,子宮靱帯,Uterine ligament,
C57.3,specific,同義語,仙骨子宮靱帯,Uterosacral ligament,
C57.4,specific,優先用語,子宮付属器,Uterine adnexa,
C57.4,specific,同義語,付属器，ＮＯＳ,"Adnexa, NOS",
C57.7,specific,優先用語,その他の明示された女性生殖器,Other specified parts of female genital organs,
C57.7,specific,同義語,ウォルフ体,Wolffian body,
C57.7,specific,同義語,ウォルフ管,Wolffian duct,
C57.8,specific,優先用語,女性生殖器の境界部病巣,Overlapping lesion of female genital organs,
C57.8,specific,同義語,注：女性生殖器の新生物〈腫瘍〉で，その,Note : Neoplasms of female genital,
C57.8,specific,同義語,発生部位がC51-C57.7，C58のいずれ,organs whose point of origin,
C57.8,specific,同義語,の項目にも分類されないもの,"cannot be assigned to any one of the categories C51 to C57.7, C58",
C57.8,specific,同義語,卵管－卵巣,Tubo-ovarian,
C57.8,specific,同義語,子宮－卵巣,Utero-ovarian,
C57.9,specific,優先用語,女性生殖系，ＮＯＳ,"Female genital tract, NOS",
C57.9,specific,同義語,女性生殖器，ＮＯＳ,"Female genital organs, NOS",
C57.9,specific,同義語,女性尿路性器，ＮＯＳ,"Female genitourinary tract, NOS",
C57.9,specific,同義語,尿道膣中隔,Urethrovaginal septum,
C57.9,specific,同義語,膀胱子宮頸組織,Vesicocervical tissue,
C57.9,specific,同義語,膀胱腟中隔,Vesicovaginal septum,
C58,category,優先用語,胎盤,PLACENTA,
C58.9,specific,優先用語,胎盤,Placenta,
C58.9,specific,同義語,卵膜,Fetal membranes,
C60,category,優先用語,陰茎,PENIS,
C60.0,specific,優先用語,包皮,Prepuce Foreskin,
C60.1,specific,優先用語,亀頭,Glans penis,
C60.2,specific,優先用語,陰茎体部,Body of penis,
C60.2,specific,同義語,海綿体,Corpus cavernosum Corpus of penis,
C60.8,specific,優先用語,陰茎の境界部病巣,Overlapping lesion of penis,
C60.8,specific,同義語,（73ページの注を参照）,(see note page 45),
C60.8,specific,同義語,陰茎，ＮＯＳ,"C60.9 C60.9 Penis, NOS",
C60.8,specific,同義語,陰茎の皮膚,Skin of penis,
C60.9,specific,優先用語,のうの皮膚C63.2を除く）,and skin of scrotum C63.2),
C61,category,優先用語,前立腺,PROSTATE GLAND,
C61.9,specific,優先用語,前立腺,Prostate gland,
C61.9,specific,同義語,前立腺，ＮＯＳ,"Prostate, NOS",
C62,category,優先用語,精巣,TESTIS,
C62.0,specific,優先用語,停留精巣（新生物〈腫瘍〉の部位）▼１,Undescended testis (site of neoplasm),
C62.0,specific,同義語,潜在精巣（新生物〈腫瘍〉の部位）▼１,Retained testis (site of neoplasm),
C62.0,specific,同義語,異所性精巣（新生物〈腫瘍〉の部位）▼１,Ectopic testis (site of neoplasm),
C62.1,specific,優先用語,下降精巣▼１,Descended testis,
C62.1,specific,同義語,陰のう精巣,Scrotal testis,
C62.9,specific,優先用語,精巣，ＮＯＳ,"Testis, NOS Testicle, NOS",
C63,category,優先用語,その他及び部位不明の男性生殖,OTHER AND UNSPECIFIED,
C63,category,同義語,器,MALE GENITAL ORGANS,
C63.0,specific,優先用語,精巣上体,Epididymis,
C63.1,specific,優先用語,精索,Spermatic cord,
C63.1,specific,同義語,精管,Vas deferens,
C63.2,specific,優先用語,陰のう，ＮＯＳ,"Scrotum, NOS",
C63.2,specific,同義語,陰のうの皮膚,Skin of scrotum,
C63.7,specific,優先用語,その他の明示された男性生殖器,Other specified parts of male genital organs,
C63.7,specific,同義語,精のう,Seminal vesicle,
C63.7,specific,同義語,精巣鞘膜,Tunica vaginalis,
C63.8,specific,優先用語,男性生殖器の境界部病巣,Overlapping lesion of male genital organs,
C63.8,specific,同義語,注：男性性器の新生物〈腫瘍〉で，その発,Note : Neoplasms of male genital organs,
C63.8,specific,同義語,生部位がC60-C63.7のいずれの項目,whose point of origin cannot be,
C63.8,specific,同義語,にも分類されないもの,assigned to any one of the categories C60 to C63.7.,
C63.9,specific,優先用語,男性生殖器，ＮＯＳ,"Male genital organs, NOS",
C63.9,specific,同義語,男性尿路系，ＮＯＳ,"Male genital tract, NOS",
C63.9,specific,同義語,男性尿路性器，ＮＯＳ,"Male genitourinary tract, NOS",
C64,category,優先用語,腎,KIDNEY,
C64.9,specific,優先用語,腎，ＮＯＳ,"Kidney, NOS Renal, NOS",
C64.9,specific,同義語,腎実質,Kidney parenchyma,
C65,category,優先用語,腎盂,RENAL PELVIS,
C65.9,specific,優先用語,腎孟,Renal pelvis Pelvis of kidney,
C65.9,specific,同義語,腎杯,Renal calyces Renal calyx,
C65.9,specific,同義語,腎孟尿管接合部,Pelviureteric junction,
C66,category,優先用語,尿管,URETER,
C66.9,specific,優先用語,尿管,Ureter,
C67,category,優先用語,膀胱,BLADDER,
C67.0,specific,優先用語,膀胱三角,Trigone of bladder,
C67.1,specific,優先用語,膀胱円蓋,Dome of bladder,
C67.2,specific,優先用語,膀胱側壁,Lateral wall of bladder,
C67.3,specific,優先用語,膀胱前壁,Anterior wall of bladder,
C67.4,specific,優先用語,膀胱後壁,Posterior wall of bladder,
C67.5,specific,優先用語,膀胱頸部,Bladder neck,
C67.5,specific,同義語,内尿道口,Internal urethral orifice,
C67.6,specific,優先用語,尿管口,Ureteric orifice,
C67.7,specific,優先用語,尿膜管,Urachus,
C67.8,specific,優先用語,膀胱の境界部病巣,Overlapping lesion of bladder,
C67.8,specific,同義語,（73ページの注を参照）,(see note page 45),
C67.9,specific,優先用語,膀胱，ＮＯＳ,"Bladder, NOS",
C67.9,specific,同義語,膀胱壁，ＮＯＳ,"Bladder wall, NOS Urinary bladder, NOS",
C68,category,優先用語,その他及び部位不明の泌尿器,OTHER AND UNSPECIFIED URINARY ORGANS,
C68.0,specific,優先用語,尿道,Urethra,
C68.0,specific,同義語,カウパー腺,Cowper gland,
C68.0,specific,同義語,前立腺小室,Prostatic utricle,
C68.0,specific,同義語,尿道腺,Urethral gland,
C68.1,specific,優先用語,尿道傍腺,Paraurethral gland,
C68.8,specific,優先用語,泌尿器の境界部病巣,Overlapping lesion of urinary organs,
C68.8,specific,同義語,注：泌尿器の新生物〈腫瘍〉で，その発生,Note : Neoplasms of urinary organs,
C68.8,specific,同義語,部位がC64-C68.1のいずれの項目に,whose point of origin cannot be,
C68.8,specific,同義語,も分類されないもの,assigned to any one of the categories C64 to C68.1.,
C68.9,specific,優先用語,尿路系，ＮＯＳ,"Urinary system, NOS",
C69,category,優先用語,眼及び付属器,EYE AND ADNEXA,
C69.0,specific,優先用語,結膜,Conjunctiva,
C69.1,specific,優先用語,角膜，ＮＯＳ,"Cornea, NOS",
C69.1,specific,同義語,角膜縁,Limbus of cornea,
C69.2,specific,優先用語,網膜,Retina,
C69.3,specific,優先用語,脈絡膜,Choroid,
C69.4,specific,優先用語,毛様体,Ciliary body,
C69.4,specific,同義語,水晶体,Crystalline lens,
C69.4,specific,同義語,虹彩,Iris,
C69.4,specific,同義語,強膜,Sclera,
C69.4,specific,同義語,ぶどう膜,Uveal tract,
C69.4,specific,同義語,眼内器管,Intraocular,
C69.4,specific,同義語,眼球,Eyeball,
C69.5,specific,優先用語,涙腺,Lacrimal gland,
C69.5,specific,同義語,涙管，ＮＯＳ,"Lacrimal duct, NOS",
C69.5,specific,同義語,鼻涙管,Nasal lacrimal duct Nasolacrimal duct,
C69.5,specific,同義語,涙のう,Lacrimal sac,
C69.6,specific,優先用語,眼窩，ＮＯＳ,"Orbit, NOS",
C69.6,specific,同義語,眼窩の自律神経系,Autonomic nervous system of orbit,
C69.6,specific,同義語,眼窩の結合組織,Connective tissue of orbit,
C69.6,specific,同義語,外眼筋,Extraocular muscle,
C69.6,specific,同義語,眼窩の末梢神経,Peripheral nerves of orbit,
C69.6,specific,同義語,眼球後部組織,Retrobulbar tissue,
C69.6,specific,同義語,眼窩の軟部組織,Soft tissue of orbit,
C69.8,specific,優先用語,眼及び付属器の境界部病巣,Overlapping lesion of eye and adnexa,
C69.8,specific,同義語,（73ページの注を参照）,(see note page 45),
C69.9,specific,優先用語,眼，ＮＯＳ,"Eye, NOS",
C70,category,優先用語,髄膜,MENINGS,
C70.0,specific,優先用語,脳髄膜,Cerebral meninges,
C70.0,specific,同義語,頭蓋硬膜,Cranial dura mater,
C70.0,specific,同義語,頭蓋髄膜,Cranial meninges,
C70.0,specific,同義語,頭蓋軟膜,Cranial pia mater,
C70.0,specific,同義語,小脳鎌,Falx cerebelli,
C70.0,specific,同義語,大脳鎌,Falx cerebri,
C70.0,specific,同義語,鎌，ＮＯＳ,"Falx, NOS",
C70.0,specific,同義語,頭蓋内くも膜,Intracranial arachnoid,
C70.0,specific,同義語,頭蓋内髄膜,Intracranial meninges,
C70.0,specific,同義語,小脳テント,Tentorium cerebelli,
C70.0,specific,同義語,テント，ＮＯＳ,"Tentorium, NOS",
C70.1,specific,優先用語,脊髄膜,Spinal meninges,
C70.1,specific,同義語,脊髄くも膜,Spinal arachnoid,
C70.1,specific,同義語,脊髄硬膜,Spinal dura mater,
C70.1,specific,同義語,脊髄軟膜,Spinal pia mater,
C70.9,specific,優先用語,髄膜，ＮＯＳ,"Meninges, NOS",
C70.9,specific,同義語,くも膜，ＮＯＳ,"Arachnoid, NOS",
C70.9,specific,同義語,硬膜，ＮＯＳ,"Dura, NOS",
C70.9,specific,同義語,軟膜，ＮＯＳ,"Dura mater, NOS Pia mater, NOS",
C71,category,優先用語,脳,BRAIN,
C71.0,specific,優先用語,大脳 ※脳梁（C71.8から移動）,Cerebrum,
C71.0,specific,同義語,大脳基底核,Basal ganglia,
C71.0,specific,同義語,中心白質,Central white matter,
C71.0,specific,同義語,大脳皮質,Cerebral cortex,
C71.0,specific,同義語,大脳半球,Cerebral hemisphere,
C71.0,specific,同義語,大脳白質,Cerebral white matter,
C71.0,specific,同義語,線条体,Corpus striatum,
C71.0,specific,同義語,淡蒼球,Globus pallidus,
C71.0,specific,同義語,視床下部,Hypothalamus,
C71.0,specific,同義語,島,Insula,
C71.0,specific,同義語,内包,Internal capsule,
C71.0,specific,同義語,ライル島,Island of Reil,
C71.0,specific,同義語,弁蓋,Operculum,
C71.0,specific,同義語,外套,Pallium,
C71.0,specific,同義語,被殻,Putamen,
C71.0,specific,同義語,嗅脳,Rhinencephalon,
C71.0,specific,同義語,テント上，ＮＯＳ,"Supratentorial brain, NOS",
C71.0,specific,同義語,視床,Thalamus,
C71.1,specific,優先用語,前頭葉,Frontal lobe,
C71.1,specific,同義語,前頭極,Frontal pole,
C71.2,specific,優先用語,側頭葉,Temporal lobe,
C71.2,specific,同義語,海馬,Hippocampus,
C71.2,specific,同義語,鉤,Uncus,
C71.3,specific,優先用語,頭頂葉,Parietal lobe,
C71.4,specific,優先用語,後頭葉,Occipital lobe,
C71.4,specific,同義語,後頭極,Occipital pole,
C71.5,specific,優先用語,脳室，ＮＯＳ,"Ventricle, NOS Cerebral ventricle",
C71.5,specific,同義語,脈絡そう（叢），ＮＯＳ,"Choroid plexus, NOS",
C71.5,specific,同義語,側脳室の脈絡そう（叢）,Choroid plexus of lateral ventricle,
C71.5,specific,同義語,第３脳室の脈絡そう（叢）,Choroid plexus of third ventricle,
C71.5,specific,同義語,脳室上衣,Ependyma,
C71.5,specific,同義語,側脳室，ＮＯＳ,"Lateral ventricle, NOS",
C71.5,specific,同義語,第３脳室，ＮＯＳ,"Third ventricle, NOS",
C71.6,specific,優先用語,小脳，ＮＯＳ,"Cerebellum, NOS",
C71.6,specific,同義語,小脳橋角部,Cerebellopontine angle,
C71.6,specific,同義語,小脳虫部,Vermis of cerebellum,
C71.7,specific,優先用語,脳幹,Brain stem,
C71.7,specific,同義語,脳脚,Cerebral peduncle,
C71.7,specific,同義語,脳底,Basis pedunculi,
C71.7,specific,同義語,第４脳室の脈絡そう,Choroid plexus of fourth ventricle,
C71.7,specific,同義語,第４脳室，ＮＯＳ,"Fourth ventricle, NOS",
C71.7,specific,同義語,テント下，ＮＯＳ,"Infratentorial brain, NOS",
C71.7,specific,同義語,延髄,Medulla oblongata,
C71.7,specific,同義語,中脳,Midbrain,
C71.7,specific,同義語,オリーブ,Olive,
C71.7,specific,同義語,橋,Pons,
C71.7,specific,同義語,錐体,Pyramid,
C71.8,specific,優先用語,脳の境界部病巣,Overlapping lesion of brain,
C71.8,specific,同義語,（73ページの注を参照）,(see note page 45),
C71.8,specific,同義語,（脳梁はC71.0へ移動）,Corpus callosum,
C71.8,specific,同義語,輝板,Tapetum,
C71.9,specific,優先用語,脳，ＮＯＳ,"Brain, NOS",
C71.9,specific,同義語,頭蓋内の部位,Intracranial site,
C71.9,specific,同義語,頭蓋窩，ＮＯＳ,"Cranial fossa, NOS",
C71.9,specific,同義語,前頭蓋窩,Anterior cranial fossa,
C71.9,specific,同義語,中頭蓋窩,Middle cranial fossa,
C71.9,specific,同義語,後頭蓋窩,Posterior cranial fossa,
C71.9,specific,同義語,鞍上部,Suprasellar,
C72,category,優先用語,脊髄，脳神経及びその他の中枢神経系（末梢神経，交感神経，副交感神経及び神経節C47を除く）,"SPINAL CORD, CRANIAL NERVES, AND OTHER PARTS OF CENTRAL NERVOUS SYSTEM (excludes peripheral nerves, sympathetic and parasympathetic nerves and ganglia C47)",
C72.0,specific,優先用語,脊髄,Spinal cord,
C72.0,specific,同義語,頸髄,Cervical cord,
C72.0,specific,同義語,脊髄円錐,Conus medullaris,
C72.0,specific,同義語,終糸,Filum terminale,
C72.0,specific,同義語,腰髄,Lumbar cord,
C72.0,specific,同義語,仙髄,Sacral cord,
C72.0,specific,同義語,胸髄,Thoracic cord,
C72.1,specific,優先用語,馬尾,Cauda equina,
C72.2,specific,優先用語,嗅神経,Olfactory nerve,
C72.3,specific,優先用語,視神経,Optic nerve,
C72.3,specific,同義語,視交叉,Optic chiasm,
C72.3,specific,同義語,視索,Optic tract,
C72.4,specific,優先用語,聴神経,Acoustic nerve,
C72.5,specific,優先用語,脳神経，NOS,"Cranial nerve, NOS",
C72.5,specific,同義語,外転神経,Abducens nerve,
C72.5,specific,同義語,副神経，NOS,"Accessory nerve, NOS",
C72.5,specific,同義語,副神経，NOS,Spinal accessory nerve,
C72.5,specific,同義語,顔面神経,Facial nerve,
C72.5,specific,同義語,舌咽神経,Glossopharyngeal nerve,
C72.5,specific,同義語,舌下神経,Hypoglossal nerve,
C72.5,specific,同義語,動眼神経,Oculomotor nerve,
C72.5,specific,同義語,三叉神経,Trigeminal nerve,
C72.5,specific,同義語,滑車神経,Trochlear nerve,
C72.5,specific,同義語,迷走神経,Vagus nerve,
C72.8,specific,優先用語,脳及び中枢神経系の境界部病巣,Overlapping lesion of brain and central nervous system,
C72.8,specific,同義語,注：脳及び中枢神経系の新生物〈腫瘍〉で，その発生部位がC70-C72.5のいずれの項目にも分類されないもの,Note : Neoplasms of brain and central nervous system whose point of origin cannot be assigned to any one of the categories C70 to C72.5.,
C72.9,specific,優先用語,神経系，NOS,"Nervous system, NOS",
C72.9,specific,同義語,中枢神経系,Central nervous system,
C72.9,specific,同義語,硬膜外,Epidural,
C72.9,specific,同義語,硬膜外,Extradural,
C72.9,specific,同義語,傍トルコ鞍部,Parasellar,
C73,category,優先用語,甲状腺,THYROID GLAND,
C73.9,specific,優先用語,甲状腺,Thyroid gland,
C73.9,specific,同義語,甲状腺，ＮＯＳ,"Thyroid, NOS",
C73.9,specific,同義語,甲状舌管,Thyroglossal duct,
C74,category,優先用語,副腎,ADRENAL GLAND,
C74.0,specific,優先用語,副腎皮質,Cortex of adrenal gland,
C74.1,specific,優先用語,副腎髄質,Medulla of adrenal gland,
C74.9,specific,優先用語,副腎，ＮＯＳ,"Adrenal gland, NOS Suprarenal gland Adrenal, NOS",
C75,category,優先用語,その他の内分泌腺及び関連組織,OTHER ENDOCRINE GLANDS AND RELATED STRUCTURES,
C75.0,specific,優先用語,上皮小体,Parathyroid gland,
C75.1,specific,優先用語,下垂体,Pituitary gland,
C75.1,specific,同義語,下垂体，ＮＯＳ,"Pituitary, NOS",
C75.1,specific,同義語,ラトケのう（嚢）,Hypophysis,
C75.1,specific,同義語,トルコ鞍,Rathke pouch,
C75.1,specific,同義語,下垂体窩,Sella turcica Pituitary fossa,
C75.2,specific,優先用語,頭蓋咽頭管,Craniopharyngeal duct,
C75.3,specific,優先用語,松果体,Pineal gland,
C75.4,specific,優先用語,頸動脈小体,Carotid body,
C75.5,specific,優先用語,大動脈小体及びその他のパラガングリア,Aortic body and other paraganglia,
C75.5,specific,同義語,尾骨小体,Coccygeal body,
C75.5,specific,同義語,尾骨糸球,Coccygeal glomus,
C75.5,specific,同義語,頸動脈小体,Glomus jugulare,
C75.5,specific,同義語,傍大動脈体,Para-aortic body,
C75.5,specific,同義語,ツッカーカンドル器官,Organ of Zuckerkandl,
C75.5,specific,同義語,パラガングリオン,Paraganglion,
C75.8,specific,優先用語,内分泌腺及び関連組織の境界部病巣,Overlapping lesion of endocrine glands and related structures,
C75.8,specific,同義語,（73ページの注を参照）,(see note page 45),
C75.8,specific,同義語,多内分泌腺（複数の内分泌腺）,Multiple endocrine glands,
C75.8,specific,同義語,多腺性（多発性内分泌腺）,Pluriglandular,
C75.9,specific,優先用語,内分泌腺，ＮＯＳ,"Endocrine gland, NOS",
C76,category,優先用語,その他及び不明確な部位,OTHER AND ILL-DEFINED SITES,
C76.0,specific,優先用語,頭部，顔面又は頸部，ＮＯＳ,"Head, face or neck, NOS",
C76.0,specific,同義語,頬，ＮＯＳ,"Cheek, NOS",
C76.0,specific,同義語,顎，ＮＯＳ,"Jaw, NOS",
C76.0,specific,同義語,鼻，ＮＯＳ,"Nose, NOS",
C76.0,specific,同義語,頸部，ＮＯＳ,"Cervical region, NOS",
C76.0,specific,同義語,鎖骨上部，ＮＯＳ,"Supraclavicular region, NOS",
C76.1,specific,優先用語,胸郭，ＮＯＳ,"Thorax, NOS",
C76.1,specific,同義語,腋窩，ＮＯＳ,"Axilla, NOS",
C76.1,specific,同義語,胸部，ＮＯＳ,"Chest, NOS",
C76.1,specific,同義語,胸壁，ＮＯＳ,"Chest wall, NOS",
C76.1,specific,同義語,胸腔内，ＮＯＳ,"Intrathoracic site, NOS",
C76.1,specific,同義語,胸郭壁，ＮＯＳ,"Thoracic wall, NOS",
C76.1,specific,同義語,鎖骨下部，ＮＯＳ,"Infraclavicular region, NOS",
C76.1,specific,同義語,肩甲部，ＮＯＳ,"Scapular region, NOS",
C76.2,specific,優先用語,腹部，ＮＯＳ,"Abdomen, NOS",
C76.2,specific,同義語,腹壁，ＮＯＳ,"Abdominal wall, NOS",
C76.2,specific,同義語,腹腔内，ＮＯＳ,"Intra-abdominal site, NOS",
C76.3,specific,優先用語,骨盤，ＮＯＳ,"Pelvis, NOS",
C76.3,specific,同義語,殿部，ＮＯＳ,"Buttock, NOS",
C76.3,specific,同義語,そけい部，ＮＯＳ,"Groin, NOS",
C76.3,specific,同義語,坐骨直腸窩,Ischiorectal fossa,
C76.3,specific,同義語,骨盤壁，ＮＯＳ,"Pelvic wall, NOS",
C76.3,specific,同義語,会陰部，ＮＯＳ,"Perineum, NOS",
C76.3,specific,同義語,直腸腟中隔,Rectovaginal septum,
C76.3,specific,同義語,直腸膀胱中隔,Rectovesical septum,
C76.3,specific,同義語,殿部，ＮＯＳ,"Gluteal region, NOS",
C76.3,specific,同義語,そけい部，ＮＯＳ,"Inguinal region, NOS",
C76.3,specific,同義語,直腸周囲，ＮＯＳ,"Perirectal region, NOS",
C76.3,specific,同義語,仙骨前部，ＮＯＳ,"Presacral region, NOS",
C76.3,specific,同義語,仙尾骨部，ＮＯＳ,"Sacrococcygeal region, NOS",
C76.4,specific,優先用語,上肢，ＮＯＳ,"Upper limb, NOS",
C76.4,specific,同義語,肘前窩，ＮＯＳ,"Antecubital space, NOS",
C76.4,specific,同義語,腕，ＮＯＳ,"Arm, NOS",
C76.4,specific,同義語,肘，ＮＯＳ,"Elbow, NOS",
C76.4,specific,同義語,指，ＮＯＳ,"Finger, NOS",
C76.4,specific,同義語,前腕，ＮＯＳ,"Forearm, NOS",
C76.4,specific,同義語,手，ＮＯＳ,"Hand, NOS",
C76.4,specific,同義語,肩，ＮＯＳ,"Shoulder, NOS",
C76.4,specific,同義語,母指，ＮＯＳ,"Thumb, NOS",
C76.4,specific,同義語,手首，ＮＯＳ,"Wrist, NOS",
C76.5,specific,優先用語,下肢，ＮＯＳ,"Lower limb, NOS",
C76.5,specific,同義語,足首，ＮＯＳ,"Ankle, NOS",
C76.5,specific,同義語,ふくらはぎ，ＮＯＳ,"Calf, NOS",
C76.5,specific,同義語,足，ＮＯＳ,"Foot, NOS",
C76.5,specific,同義語,かかと，ＮＯＳ,"Heel, NOS",
C76.5,specific,同義語,股関節部，ＮＯＳ,"Hip, NOS",
C76.5,specific,同義語,膝，ＮＯＳ,"Knee, NOS",
C76.5,specific,同義語,脚，ＮＯＳ,"Leg, NOS",
C76.5,specific,同義語,膝窩，ＮＯＳ,"Popliteal space, NOS",
C76.5,specific,同義語,大腿，ＮＯＳ,"Thigh, NOS",
C76.5,specific,同義語,趾，ＮＯＳ,"Toe, NOS",
C76.7,specific,優先用語,その他の不明確な部位,Other ill-defined sites,
C76.7,specific,同義語,背部，ＮＯＳ,"Back, NOS",
C76.7,specific,同義語,側腹部，ＮＯＳ,"Flank, NOS",
C76.7,specific,同義語,体幹，ＮＯＳ,"Trunk, NOS",
C76.8,specific,優先用語,部位不明確の境界部病巣,Overlapping lesion of ill-defined sites,
C76.8,specific,同義語,（73ページの注を参照）,(see note page 45),
C77,category,優先用語,リンパ節,LYMPH NODES,
C77.0,specific,優先用語,頭部，顔面および頸部のリンパ節,"Lymph nodes of head, face and neck",
C77.0,specific,同義語,耳介リンパ節,Auricular lymph node,
C77.0,specific,同義語,頸部リンパ節,Cervical lymph node,
C77.0,specific,同義語,顔面リンパ節,Facial lymph node,
C77.0,specific,同義語,頸静脈リンパ節,Jugular lymph node,
C77.0,specific,同義語,下顎リンパ節,Mandibular lymph node,
C77.0,specific,同義語,後頭リンパ節,Occipital lymph node,
C77.0,specific,同義語,耳下腺リンパ節,Parotid lymph node,
C77.0,specific,同義語,耳介前リンパ節,Preauricular lymph node,
C77.0,specific,同義語,喉頭前リンパ節,Prelaryngeal lymph node,
C77.0,specific,同義語,気管前リンパ節,Pretracheal lymph node,
C77.0,specific,同義語,咽後リンパ節,Retropharyngeal lymph node,
C77.0,specific,同義語,斜角筋リンパ節,Scalene lymph node,
C77.0,specific,同義語,舌下リンパ節,Sublingual lymph node,
C77.0,specific,同義語,顎下リンパ節,Submandibular lymph node,
C77.0,specific,同義語,上顎下リンパ節,Submaxillary lymph node,
C77.0,specific,同義語,おとがい下リンパ節,Submental lymph node,
C77.0,specific,同義語,鎖骨上リンパ節,Supraclavicular lymph node,
C77.1,specific,優先用語,胸腔内リンパ節,Intrathoracic lymph nodes,
C77.1,specific,同義語,気管支リンパ節,Bronchial lymph node,
C77.1,specific,同義語,気管支肺リンパ節,Bronchopulmonary lymph node,
C77.1,specific,同義語,横隔膜リンパ節,Diaphragmatic lymph node,
C77.1,specific,同義語,食道リンパ節,Esophageal lymph node,
C77.1,specific,同義語,肺門リンパ節，ＮＯＳ,"Hilar lymph node, NOS",
C77.1,specific,同義語,腕頭リンパ節,Innominate lymph node,
C77.1,specific,同義語,肋間リンパ節,Intercostal lymph node,
C77.1,specific,同義語,縦隔リンパ節,Mediastinal lymph node,
C77.1,specific,同義語,胸骨傍リンパ節,Parasternal lymph node,
C77.1,specific,同義語,肺リンパ節，ＮＯＳ,Pulmonary hilar lymph node,
C77.1,specific,同義語,胸腔リンパ節,"Pulmonary lymph node, NOS",
C77.1,specific,同義語,気管リンパ節,Thoracic lymph node,
C77.1,specific,同義語,気管気管支リンパ節,Tracheal lymph node Tracheobronchial lymph node,
C77.2,specific,優先用語,腹腔内リンパ節,Intra-abdominal lymph nodes,
C77.2,specific,同義語,腹部リンパ節,Abdominal lymph node,
C77.2,specific,同義語,大動脈リンパ節,Aortic lymph node,
C77.2,specific,同義語,腹腔リンパ節,Celiac lymph node,
C77.2,specific,同義語,結腸リンパ節,Colic lymph node,
C77.2,specific,同義語,総胆管リンパ節,Common duct lymph node,
C77.2,specific,同義語,胃リンパ節,Gastric lymph node,
C77.2,specific,同義語,肝リンパ節,Hepatic lymph node,
C77.2,specific,同義語,回結腸リンパ節,Ileocolic lymph node,
C77.2,specific,同義語,下腸間膜リンパ節,Inferior mesenteric lymph node,
C77.2,specific,同義語,小腸リンパ節,Intestinal lymph node,
C77.2,specific,同義語,腰リンパ節,Lumbar lymph node,
C77.2,specific,同義語,腸間膜リンパ節，ＮＯＳ,"Mesenteric lymph node, NOS",
C77.2,specific,同義語,中結腸リンパ節,Midcolic lymph node,
C77.2,specific,同義語,膵リンパ節，ＮＯＳ,"Pancreatic lymph node, NOS",
C77.2,specific,同義語,大動脈傍リンパ節,Para-aortic lymph node,
C77.2,specific,同義語,大動脈周囲リンパ節,Periaortic lymph node,
C77.2,specific,同義語,膵周囲リンパ節,Peripancreatic lymph node,
C77.2,specific,同義語,肝門リンパ節,Porta hepatis lymph node,
C77.2,specific,同義語,門脈リンパ節,Portal lymph node,
C77.2,specific,同義語,幽門リンパ節,Pyloric lymph node,
C77.2,specific,同義語,後腹膜リンパ節,Retroperitoneal lymph node,
C77.2,specific,同義語,脾リンパ節，ＮＯＳ,"Splenic lymph node, NOS",
C77.2,specific,同義語,脾門リンパ節,Splenic hilar lymph node,
C77.2,specific,同義語,上腸間膜リンパ節,Superior mesenteric lymph node,
C77.3,specific,優先用語,腋窩又は腕のリンパ節,Lymph nodes of axilla or arm,
C77.3,specific,同義語,腋窩リンパ節,Axillary lymph node,
C77.3,specific,同義語,上腕リンパ節,Brachial lymph node,
C77.3,specific,同義語,肘リンパ節,Cubital lymph node,
C77.3,specific,同義語,滑車上リンパ節,Epitrochlear lymph node,
C77.3,specific,同義語,鎖骨下リンパ節,Infraclavicular lymph node,
C77.3,specific,同義語,上肢のリンパ節,Lymph node of upper limb,
C77.3,specific,同義語,胸筋リンパ節,Pectoral lymph node,
C77.3,specific,同義語,肩甲下リンパ節,Subclavicular lymph node Subscapular lymph node,
C77.4,specific,優先用語,下肢又はそけい部のリンパ節,Lymph nodes of inguinal region or leg,
C77.4,specific,同義語,大腿リンパ節,Femoral lymph node,
C77.4,specific,同義語,そけいリンパ節,Inguinal lymph node,
C77.4,specific,同義語,クロケーリンパ節,Lymph node of Cloquet,
C77.4,specific,同義語,そけいのリンパ節,Lymph node of groin,
C77.4,specific,同義語,下肢のリンパ節,Lymph node of lower limb,
C77.4,specific,同義語,ローゼンミュラーのリンパ節,Lymph node of Rosenmuller,
C77.4,specific,同義語,膝窩リンパ節,Popliteal lymph node,
C77.4,specific,同義語,そけい下リンパ節,Subinguinal lymph node,
C77.4,specific,同義語,頸骨リンパ節,Tibial lymph node,
C77.5,specific,優先用語,骨盤リンパ節,Pelvic lymph nodes,
C77.5,specific,同義語,下腹リンパ節,Hypogastric lymph node,
C77.5,specific,同義語,腸骨リンパ節,Iliac lymph node,
C77.5,specific,同義語,下腹壁リンパ節,Inferior epigastric lymph node,
C77.5,specific,同義語,骨盤内リンパ節,Intrapelvic lymph node,
C77.5,specific,同義語,閉鎖リンパ節,Obturator lymph node,
C77.5,specific,同義語,傍子宮頸リンパ節,Paracervical lymph node,
C77.5,specific,同義語,傍子宮リンパ節,Parametrial lymph node,
C77.5,specific,同義語,恥骨結合前リンパ節,Presymphysial lymph node,
C77.5,specific,同義語,仙骨リンパ節,Sacral lymph node,
C77.8,specific,優先用語,多部位のリンパ節,Lymph nodes of multiple regions,
C77.9,specific,優先用語,リンパ節，ＮＯＳ,"Lymph node, NOS",
C80,category,優先用語,原発部位不明,UNKNOWN PRIMARY SITE,
C80.9,specific,優先用語,原発部位不明,Unknown primary site,
